Date_Key,Date,Day,Month,Month_Name,Quarter,Year,Week_Number,Day_Name,Is_Weekend,Financial_Year
20190101,2019-01-01,1,1,January,Q1,2019,1,Tuesday,No,2018-19
20190102,2019-01-02,2,1,January,Q1,2019,1,Wednesday,No,2018-19
20190103,2019-01-03,3,1,January,Q1,2019,1,Thursday,No,2018-19
20190104,2019-01-04,4,1,January,Q1,2019,1,Friday,No,2018-19
20190105,2019-01-05,5,1,January,Q1,2019,1,Saturday,Yes,2018-19
20190106,2019-01-06,6,1,January,Q1,2019,1,Sunday,Yes,2018-19
20190107,2019-01-07,7,1,January,Q1,2019,2,Monday,No,2018-19
20190108,2019-01-08,8,1,January,Q1,2019,2,Tuesday,No,2018-19
20190109,2019-01-09,9,1,January,Q1,2019,2,Wednesday,No,2018-19
20190110,2019-01-10,10,1,January,Q1,2019,2,Thursday,No,2018-19
20190111,2019-01-11,11,1,January,Q1,2019,2,Friday,No,2018-19
20190112,2019-01-12,12,1,January,Q1,2019,2,Saturday,Yes,2018-19
20190113,2019-01-13,13,1,January,Q1,2019,2,Sunday,Yes,2018-19
20190114,2019-01-14,14,1,January,Q1,2019,3,Monday,No,2018-19
20190115,2019-01-15,15,1,January,Q1,2019,3,Tuesday,No,2018-19
20190116,2019-01-16,16,1,January,Q1,2019,3,Wednesday,No,2018-19
20190117,2019-01-17,17,1,January,Q1,2019,3,Thursday,No,2018-19
20190118,2019-01-18,18,1,January,Q1,2019,3,Friday,No,2018-19
20190119,2019-01-19,19,1,January,Q1,2019,3,Saturday,Yes,2018-19
20190120,2019-01-20,20,1,January,Q1,2019,3,Sunday,Yes,2018-19
20190121,2019-01-21,21,1,January,Q1,2019,4,Monday,No,2018-19
20190122,2019-01-22,22,1,January,Q1,2019,4,Tuesday,No,2018-19
20190123,2019-01-23,23,1,January,Q1,2019,4,Wednesday,No,2018-19
20190124,2019-01-24,24,1,January,Q1,2019,4,Thursday,No,2018-19
20190125,2019-01-25,25,1,January,Q1,2019,4,Friday,No,2018-19
20190126,2019-01-26,26,1,January,Q1,2019,4,Saturday,Yes,2018-19
20190127,2019-01-27,27,1,January,Q1,2019,4,Sunday,Yes,2018-19
20190128,2019-01-28,28,1,January,Q1,2019,5,Monday,No,2018-19
20190129,2019-01-29,29,1,January,Q1,2019,5,Tuesday,No,2018-19
20190130,2019-01-30,30,1,January,Q1,2019,5,Wednesday,No,2018-19
20190131,2019-01-31,31,1,January,Q1,2019,5,Thursday,No,2018-19
20190201,2019-02-01,1,2,February,Q1,2019,5,Friday,No,2018-19
20190202,2019-02-02,2,2,February,Q1,2019,5,Saturday,Yes,2018-19
20190203,2019-02-03,3,2,February,Q1,2019,5,Sunday,Yes,2018-19
20190204,2019-02-04,4,2,February,Q1,2019,6,Monday,No,2018-19
20190205,2019-02-05,5,2,February,Q1,2019,6,Tuesday,No,2018-19
20190206,2019-02-06,6,2,February,Q1,2019,6,Wednesday,No,2018-19
20190207,2019-02-07,7,2,February,Q1,2019,6,Thursday,No,2018-19
20190208,2019-02-08,8,2,February,Q1,2019,6,Friday,No,2018-19
20190209,2019-02-09,9,2,February,Q1,2019,6,Saturday,Yes,2018-19
20190210,2019-02-10,10,2,February,Q1,2019,6,Sunday,Yes,2018-19
20190211,2019-02-11,11,2,February,Q1,2019,7,Monday,No,2018-19
20190212,2019-02-12,12,2,February,Q1,2019,7,Tuesday,No,2018-19
20190213,2019-02-13,13,2,February,Q1,2019,7,Wednesday,No,2018-19
20190214,2019-02-14,14,2,February,Q1,2019,7,Thursday,No,2018-19
20190215,2019-02-15,15,2,February,Q1,2019,7,Friday,No,2018-19
20190216,2019-02-16,16,2,February,Q1,2019,7,Saturday,Yes,2018-19
20190217,2019-02-17,17,2,February,Q1,2019,7,Sunday,Yes,2018-19
20190218,2019-02-18,18,2,February,Q1,2019,8,Monday,No,2018-19
20190219,2019-02-19,19,2,February,Q1,2019,8,Tuesday,No,2018-19
20190220,2019-02-20,20,2,February,Q1,2019,8,Wednesday,No,2018-19
20190221,2019-02-21,21,2,February,Q1,2019,8,Thursday,No,2018-19
20190222,2019-02-22,22,2,February,Q1,2019,8,Friday,No,2018-19
20190223,2019-02-23,23,2,February,Q1,2019,8,Saturday,Yes,2018-19
20190224,2019-02-24,24,2,February,Q1,2019,8,Sunday,Yes,2018-19
20190225,2019-02-25,25,2,February,Q1,2019,9,Monday,No,2018-19
20190226,2019-02-26,26,2,February,Q1,2019,9,Tuesday,No,2018-19
20190227,2019-02-27,27,2,February,Q1,2019,9,Wednesday,No,2018-19
20190228,2019-02-28,28,2,February,Q1,2019,9,Thursday,No,2018-19
20190301,2019-03-01,1,3,March,Q1,2019,9,Friday,No,2018-19
20190302,2019-03-02,2,3,March,Q1,2019,9,Saturday,Yes,2018-19
20190303,2019-03-03,3,3,March,Q1,2019,9,Sunday,Yes,2018-19
20190304,2019-03-04,4,3,March,Q1,2019,10,Monday,No,2018-19
20190305,2019-03-05,5,3,March,Q1,2019,10,Tuesday,No,2018-19
20190306,2019-03-06,6,3,March,Q1,2019,10,Wednesday,No,2018-19
20190307,2019-03-07,7,3,March,Q1,2019,10,Thursday,No,2018-19
20190308,2019-03-08,8,3,March,Q1,2019,10,Friday,No,2018-19
20190309,2019-03-09,9,3,March,Q1,2019,10,Saturday,Yes,2018-19
20190310,2019-03-10,10,3,March,Q1,2019,10,Sunday,Yes,2018-19
20190311,2019-03-11,11,3,March,Q1,2019,11,Monday,No,2018-19
20190312,2019-03-12,12,3,March,Q1,2019,11,Tuesday,No,2018-19
20190313,2019-03-13,13,3,March,Q1,2019,11,Wednesday,No,2018-19
20190314,2019-03-14,14,3,March,Q1,2019,11,Thursday,No,2018-19
20190315,2019-03-15,15,3,March,Q1,2019,11,Friday,No,2018-19
20190316,2019-03-16,16,3,March,Q1,2019,11,Saturday,Yes,2018-19
20190317,2019-03-17,17,3,March,Q1,2019,11,Sunday,Yes,2018-19
20190318,2019-03-18,18,3,March,Q1,2019,12,Monday,No,2018-19
20190319,2019-03-19,19,3,March,Q1,2019,12,Tuesday,No,2018-19
20190320,2019-03-20,20,3,March,Q1,2019,12,Wednesday,No,2018-19
20190321,2019-03-21,21,3,March,Q1,2019,12,Thursday,No,2018-19
20190322,2019-03-22,22,3,March,Q1,2019,12,Friday,No,2018-19
20190323,2019-03-23,23,3,March,Q1,2019,12,Saturday,Yes,2018-19
20190324,2019-03-24,24,3,March,Q1,2019,12,Sunday,Yes,2018-19
20190325,2019-03-25,25,3,March,Q1,2019,13,Monday,No,2018-19
20190326,2019-03-26,26,3,March,Q1,2019,13,Tuesday,No,2018-19
20190327,2019-03-27,27,3,March,Q1,2019,13,Wednesday,No,2018-19
20190328,2019-03-28,28,3,March,Q1,2019,13,Thursday,No,2018-19
20190329,2019-03-29,29,3,March,Q1,2019,13,Friday,No,2018-19
20190330,2019-03-30,30,3,March,Q1,2019,13,Saturday,Yes,2018-19
20190331,2019-03-31,31,3,March,Q1,2019,13,Sunday,Yes,2018-19
20190401,2019-04-01,1,4,April,Q2,2019,14,Monday,No,2019-20
20190402,2019-04-02,2,4,April,Q2,2019,14,Tuesday,No,2019-20
20190403,2019-04-03,3,4,April,Q2,2019,14,Wednesday,No,2019-20
20190404,2019-04-04,4,4,April,Q2,2019,14,Thursday,No,2019-20
20190405,2019-04-05,5,4,April,Q2,2019,14,Friday,No,2019-20
20190406,2019-04-06,6,4,April,Q2,2019,14,Saturday,Yes,2019-20
20190407,2019-04-07,7,4,April,Q2,2019,14,Sunday,Yes,2019-20
20190408,2019-04-08,8,4,April,Q2,2019,15,Monday,No,2019-20
20190409,2019-04-09,9,4,April,Q2,2019,15,Tuesday,No,2019-20
20190410,2019-04-10,10,4,April,Q2,2019,15,Wednesday,No,2019-20
20190411,2019-04-11,11,4,April,Q2,2019,15,Thursday,No,2019-20
20190412,2019-04-12,12,4,April,Q2,2019,15,Friday,No,2019-20
20190413,2019-04-13,13,4,April,Q2,2019,15,Saturday,Yes,2019-20
20190414,2019-04-14,14,4,April,Q2,2019,15,Sunday,Yes,2019-20
20190415,2019-04-15,15,4,April,Q2,2019,16,Monday,No,2019-20
20190416,2019-04-16,16,4,April,Q2,2019,16,Tuesday,No,2019-20
20190417,2019-04-17,17,4,April,Q2,2019,16,Wednesday,No,2019-20
20190418,2019-04-18,18,4,April,Q2,2019,16,Thursday,No,2019-20
20190419,2019-04-19,19,4,April,Q2,2019,16,Friday,No,2019-20
20190420,2019-04-20,20,4,April,Q2,2019,16,Saturday,Yes,2019-20
20190421,2019-04-21,21,4,April,Q2,2019,16,Sunday,Yes,2019-20
20190422,2019-04-22,22,4,April,Q2,2019,17,Monday,No,2019-20
20190423,2019-04-23,23,4,April,Q2,2019,17,Tuesday,No,2019-20
20190424,2019-04-24,24,4,April,Q2,2019,17,Wednesday,No,2019-20
20190425,2019-04-25,25,4,April,Q2,2019,17,Thursday,No,2019-20
20190426,2019-04-26,26,4,April,Q2,2019,17,Friday,No,2019-20
20190427,2019-04-27,27,4,April,Q2,2019,17,Saturday,Yes,2019-20
20190428,2019-04-28,28,4,April,Q2,2019,17,Sunday,Yes,2019-20
20190429,2019-04-29,29,4,April,Q2,2019,18,Monday,No,2019-20
20190430,2019-04-30,30,4,April,Q2,2019,18,Tuesday,No,2019-20
20190501,2019-05-01,1,5,May,Q2,2019,18,Wednesday,No,2019-20
20190502,2019-05-02,2,5,May,Q2,2019,18,Thursday,No,2019-20
20190503,2019-05-03,3,5,May,Q2,2019,18,Friday,No,2019-20
20190504,2019-05-04,4,5,May,Q2,2019,18,Saturday,Yes,2019-20
20190505,2019-05-05,5,5,May,Q2,2019,18,Sunday,Yes,2019-20
20190506,2019-05-06,6,5,May,Q2,2019,19,Monday,No,2019-20
20190507,2019-05-07,7,5,May,Q2,2019,19,Tuesday,No,2019-20
20190508,2019-05-08,8,5,May,Q2,2019,19,Wednesday,No,2019-20
20190509,2019-05-09,9,5,May,Q2,2019,19,Thursday,No,2019-20
20190510,2019-05-10,10,5,May,Q2,2019,19,Friday,No,2019-20
20190511,2019-05-11,11,5,May,Q2,2019,19,Saturday,Yes,2019-20
20190512,2019-05-12,12,5,May,Q2,2019,19,Sunday,Yes,2019-20
20190513,2019-05-13,13,5,May,Q2,2019,20,Monday,No,2019-20
20190514,2019-05-14,14,5,May,Q2,2019,20,Tuesday,No,2019-20
20190515,2019-05-15,15,5,May,Q2,2019,20,Wednesday,No,2019-20
20190516,2019-05-16,16,5,May,Q2,2019,20,Thursday,No,2019-20
20190517,2019-05-17,17,5,May,Q2,2019,20,Friday,No,2019-20
20190518,2019-05-18,18,5,May,Q2,2019,20,Saturday,Yes,2019-20
20190519,2019-05-19,19,5,May,Q2,2019,20,Sunday,Yes,2019-20
20190520,2019-05-20,20,5,May,Q2,2019,21,Monday,No,2019-20
20190521,2019-05-21,21,5,May,Q2,2019,21,Tuesday,No,2019-20
20190522,2019-05-22,22,5,May,Q2,2019,21,Wednesday,No,2019-20
20190523,2019-05-23,23,5,May,Q2,2019,21,Thursday,No,2019-20
20190524,2019-05-24,24,5,May,Q2,2019,21,Friday,No,2019-20
20190525,2019-05-25,25,5,May,Q2,2019,21,Saturday,Yes,2019-20
20190526,2019-05-26,26,5,May,Q2,2019,21,Sunday,Yes,2019-20
20190527,2019-05-27,27,5,May,Q2,2019,22,Monday,No,2019-20
20190528,2019-05-28,28,5,May,Q2,2019,22,Tuesday,No,2019-20
20190529,2019-05-29,29,5,May,Q2,2019,22,Wednesday,No,2019-20
20190530,2019-05-30,30,5,May,Q2,2019,22,Thursday,No,2019-20
20190531,2019-05-31,31,5,May,Q2,2019,22,Friday,No,2019-20
20190601,2019-06-01,1,6,June,Q2,2019,22,Saturday,Yes,2019-20
20190602,2019-06-02,2,6,June,Q2,2019,22,Sunday,Yes,2019-20
20190603,2019-06-03,3,6,June,Q2,2019,23,Monday,No,2019-20
20190604,2019-06-04,4,6,June,Q2,2019,23,Tuesday,No,2019-20
20190605,2019-06-05,5,6,June,Q2,2019,23,Wednesday,No,2019-20
20190606,2019-06-06,6,6,June,Q2,2019,23,Thursday,No,2019-20
20190607,2019-06-07,7,6,June,Q2,2019,23,Friday,No,2019-20
20190608,2019-06-08,8,6,June,Q2,2019,23,Saturday,Yes,2019-20
20190609,2019-06-09,9,6,June,Q2,2019,23,Sunday,Yes,2019-20
20190610,2019-06-10,10,6,June,Q2,2019,24,Monday,No,2019-20
20190611,2019-06-11,11,6,June,Q2,2019,24,Tuesday,No,2019-20
20190612,2019-06-12,12,6,June,Q2,2019,24,Wednesday,No,2019-20
20190613,2019-06-13,13,6,June,Q2,2019,24,Thursday,No,2019-20
20190614,2019-06-14,14,6,June,Q2,2019,24,Friday,No,2019-20
20190615,2019-06-15,15,6,June,Q2,2019,24,Saturday,Yes,2019-20
20190616,2019-06-16,16,6,June,Q2,2019,24,Sunday,Yes,2019-20
20190617,2019-06-17,17,6,June,Q2,2019,25,Monday,No,2019-20
20190618,2019-06-18,18,6,June,Q2,2019,25,Tuesday,No,2019-20
20190619,2019-06-19,19,6,June,Q2,2019,25,Wednesday,No,2019-20
20190620,2019-06-20,20,6,June,Q2,2019,25,Thursday,No,2019-20
20190621,2019-06-21,21,6,June,Q2,2019,25,Friday,No,2019-20
20190622,2019-06-22,22,6,June,Q2,2019,25,Saturday,Yes,2019-20
20190623,2019-06-23,23,6,June,Q2,2019,25,Sunday,Yes,2019-20
20190624,2019-06-24,24,6,June,Q2,2019,26,Monday,No,2019-20
20190625,2019-06-25,25,6,June,Q2,2019,26,Tuesday,No,2019-20
20190626,2019-06-26,26,6,June,Q2,2019,26,Wednesday,No,2019-20
20190627,2019-06-27,27,6,June,Q2,2019,26,Thursday,No,2019-20
20190628,2019-06-28,28,6,June,Q2,2019,26,Friday,No,2019-20
20190629,2019-06-29,29,6,June,Q2,2019,26,Saturday,Yes,2019-20
20190630,2019-06-30,30,6,June,Q2,2019,26,Sunday,Yes,2019-20
20190701,2019-07-01,1,7,July,Q3,2019,27,Monday,No,2019-20
20190702,2019-07-02,2,7,July,Q3,2019,27,Tuesday,No,2019-20
20190703,2019-07-03,3,7,July,Q3,2019,27,Wednesday,No,2019-20
20190704,2019-07-04,4,7,July,Q3,2019,27,Thursday,No,2019-20
20190705,2019-07-05,5,7,July,Q3,2019,27,Friday,No,2019-20
20190706,2019-07-06,6,7,July,Q3,2019,27,Saturday,Yes,2019-20
20190707,2019-07-07,7,7,July,Q3,2019,27,Sunday,Yes,2019-20
20190708,2019-07-08,8,7,July,Q3,2019,28,Monday,No,2019-20
20190709,2019-07-09,9,7,July,Q3,2019,28,Tuesday,No,2019-20
20190710,2019-07-10,10,7,July,Q3,2019,28,Wednesday,No,2019-20
20190711,2019-07-11,11,7,July,Q3,2019,28,Thursday,No,2019-20
20190712,2019-07-12,12,7,July,Q3,2019,28,Friday,No,2019-20
20190713,2019-07-13,13,7,July,Q3,2019,28,Saturday,Yes,2019-20
20190714,2019-07-14,14,7,July,Q3,2019,28,Sunday,Yes,2019-20
20190715,2019-07-15,15,7,July,Q3,2019,29,Monday,No,2019-20
20190716,2019-07-16,16,7,July,Q3,2019,29,Tuesday,No,2019-20
20190717,2019-07-17,17,7,July,Q3,2019,29,Wednesday,No,2019-20
20190718,2019-07-18,18,7,July,Q3,2019,29,Thursday,No,2019-20
20190719,2019-07-19,19,7,July,Q3,2019,29,Friday,No,2019-20
20190720,2019-07-20,20,7,July,Q3,2019,29,Saturday,Yes,2019-20
20190721,2019-07-21,21,7,July,Q3,2019,29,Sunday,Yes,2019-20
20190722,2019-07-22,22,7,July,Q3,2019,30,Monday,No,2019-20
20190723,2019-07-23,23,7,July,Q3,2019,30,Tuesday,No,2019-20
20190724,2019-07-24,24,7,July,Q3,2019,30,Wednesday,No,2019-20
20190725,2019-07-25,25,7,July,Q3,2019,30,Thursday,No,2019-20
20190726,2019-07-26,26,7,July,Q3,2019,30,Friday,No,2019-20
20190727,2019-07-27,27,7,July,Q3,2019,30,Saturday,Yes,2019-20
20190728,2019-07-28,28,7,July,Q3,2019,30,Sunday,Yes,2019-20
20190729,2019-07-29,29,7,July,Q3,2019,31,Monday,No,2019-20
20190730,2019-07-30,30,7,July,Q3,2019,31,Tuesday,No,2019-20
20190731,2019-07-31,31,7,July,Q3,2019,31,Wednesday,No,2019-20
20190801,2019-08-01,1,8,August,Q3,2019,31,Thursday,No,2019-20
20190802,2019-08-02,2,8,August,Q3,2019,31,Friday,No,2019-20
20190803,2019-08-03,3,8,August,Q3,2019,31,Saturday,Yes,2019-20
20190804,2019-08-04,4,8,August,Q3,2019,31,Sunday,Yes,2019-20
20190805,2019-08-05,5,8,August,Q3,2019,32,Monday,No,2019-20
20190806,2019-08-06,6,8,August,Q3,2019,32,Tuesday,No,2019-20
20190807,2019-08-07,7,8,August,Q3,2019,32,Wednesday,No,2019-20
20190808,2019-08-08,8,8,August,Q3,2019,32,Thursday,No,2019-20
20190809,2019-08-09,9,8,August,Q3,2019,32,Friday,No,2019-20
20190810,2019-08-10,10,8,August,Q3,2019,32,Saturday,Yes,2019-20
20190811,2019-08-11,11,8,August,Q3,2019,32,Sunday,Yes,2019-20
20190812,2019-08-12,12,8,August,Q3,2019,33,Monday,No,2019-20
20190813,2019-08-13,13,8,August,Q3,2019,33,Tuesday,No,2019-20
20190814,2019-08-14,14,8,August,Q3,2019,33,Wednesday,No,2019-20
20190815,2019-08-15,15,8,August,Q3,2019,33,Thursday,No,2019-20
20190816,2019-08-16,16,8,August,Q3,2019,33,Friday,No,2019-20
20190817,2019-08-17,17,8,August,Q3,2019,33,Saturday,Yes,2019-20
20190818,2019-08-18,18,8,August,Q3,2019,33,Sunday,Yes,2019-20
20190819,2019-08-19,19,8,August,Q3,2019,34,Monday,No,2019-20
20190820,2019-08-20,20,8,August,Q3,2019,34,Tuesday,No,2019-20
20190821,2019-08-21,21,8,August,Q3,2019,34,Wednesday,No,2019-20
20190822,2019-08-22,22,8,August,Q3,2019,34,Thursday,No,2019-20
20190823,2019-08-23,23,8,August,Q3,2019,34,Friday,No,2019-20
20190824,2019-08-24,24,8,August,Q3,2019,34,Saturday,Yes,2019-20
20190825,2019-08-25,25,8,August,Q3,2019,34,Sunday,Yes,2019-20
20190826,2019-08-26,26,8,August,Q3,2019,35,Monday,No,2019-20
20190827,2019-08-27,27,8,August,Q3,2019,35,Tuesday,No,2019-20
20190828,2019-08-28,28,8,August,Q3,2019,35,Wednesday,No,2019-20
20190829,2019-08-29,29,8,August,Q3,2019,35,Thursday,No,2019-20
20190830,2019-08-30,30,8,August,Q3,2019,35,Friday,No,2019-20
20190831,2019-08-31,31,8,August,Q3,2019,35,Saturday,Yes,2019-20
20190901,2019-09-01,1,9,September,Q3,2019,35,Sunday,Yes,2019-20
20190902,2019-09-02,2,9,September,Q3,2019,36,Monday,No,2019-20
20190903,2019-09-03,3,9,September,Q3,2019,36,Tuesday,No,2019-20
20190904,2019-09-04,4,9,September,Q3,2019,36,Wednesday,No,2019-20
20190905,2019-09-05,5,9,September,Q3,2019,36,Thursday,No,2019-20
20190906,2019-09-06,6,9,September,Q3,2019,36,Friday,No,2019-20
20190907,2019-09-07,7,9,September,Q3,2019,36,Saturday,Yes,2019-20
20190908,2019-09-08,8,9,September,Q3,2019,36,Sunday,Yes,2019-20
20190909,2019-09-09,9,9,September,Q3,2019,37,Monday,No,2019-20
20190910,2019-09-10,10,9,September,Q3,2019,37,Tuesday,No,2019-20
20190911,2019-09-11,11,9,September,Q3,2019,37,Wednesday,No,2019-20
20190912,2019-09-12,12,9,September,Q3,2019,37,Thursday,No,2019-20
20190913,2019-09-13,13,9,September,Q3,2019,37,Friday,No,2019-20
20190914,2019-09-14,14,9,September,Q3,2019,37,Saturday,Yes,2019-20
20190915,2019-09-15,15,9,September,Q3,2019,37,Sunday,Yes,2019-20
20190916,2019-09-16,16,9,September,Q3,2019,38,Monday,No,2019-20
20190917,2019-09-17,17,9,September,Q3,2019,38,Tuesday,No,2019-20
20190918,2019-09-18,18,9,September,Q3,2019,38,Wednesday,No,2019-20
20190919,2019-09-19,19,9,September,Q3,2019,38,Thursday,No,2019-20
20190920,2019-09-20,20,9,September,Q3,2019,38,Friday,No,2019-20
20190921,2019-09-21,21,9,September,Q3,2019,38,Saturday,Yes,2019-20
20190922,2019-09-22,22,9,September,Q3,2019,38,Sunday,Yes,2019-20
20190923,2019-09-23,23,9,September,Q3,2019,39,Monday,No,2019-20
20190924,2019-09-24,24,9,September,Q3,2019,39,Tuesday,No,2019-20
20190925,2019-09-25,25,9,September,Q3,2019,39,Wednesday,No,2019-20
20190926,2019-09-26,26,9,September,Q3,2019,39,Thursday,No,2019-20
20190927,2019-09-27,27,9,September,Q3,2019,39,Friday,No,2019-20
20190928,2019-09-28,28,9,September,Q3,2019,39,Saturday,Yes,2019-20
20190929,2019-09-29,29,9,September,Q3,2019,39,Sunday,Yes,2019-20
20190930,2019-09-30,30,9,September,Q3,2019,40,Monday,No,2019-20
20191001,2019-10-01,1,10,October,Q4,2019,40,Tuesday,No,2019-20
20191002,2019-10-02,2,10,October,Q4,2019,40,Wednesday,No,2019-20
20191003,2019-10-03,3,10,October,Q4,2019,40,Thursday,No,2019-20
20191004,2019-10-04,4,10,October,Q4,2019,40,Friday,No,2019-20
20191005,2019-10-05,5,10,October,Q4,2019,40,Saturday,Yes,2019-20
20191006,2019-10-06,6,10,October,Q4,2019,40,Sunday,Yes,2019-20
20191007,2019-10-07,7,10,October,Q4,2019,41,Monday,No,2019-20
20191008,2019-10-08,8,10,October,Q4,2019,41,Tuesday,No,2019-20
20191009,2019-10-09,9,10,October,Q4,2019,41,Wednesday,No,2019-20
20191010,2019-10-10,10,10,October,Q4,2019,41,Thursday,No,2019-20
20191011,2019-10-11,11,10,October,Q4,2019,41,Friday,No,2019-20
20191012,2019-10-12,12,10,October,Q4,2019,41,Saturday,Yes,2019-20
20191013,2019-10-13,13,10,October,Q4,2019,41,Sunday,Yes,2019-20
20191014,2019-10-14,14,10,October,Q4,2019,42,Monday,No,2019-20
20191015,2019-10-15,15,10,October,Q4,2019,42,Tuesday,No,2019-20
20191016,2019-10-16,16,10,October,Q4,2019,42,Wednesday,No,2019-20
20191017,2019-10-17,17,10,October,Q4,2019,42,Thursday,No,2019-20
20191018,2019-10-18,18,10,October,Q4,2019,42,Friday,No,2019-20
20191019,2019-10-19,19,10,October,Q4,2019,42,Saturday,Yes,2019-20
20191020,2019-10-20,20,10,October,Q4,2019,42,Sunday,Yes,2019-20
20191021,2019-10-21,21,10,October,Q4,2019,43,Monday,No,2019-20
20191022,2019-10-22,22,10,October,Q4,2019,43,Tuesday,No,2019-20
20191023,2019-10-23,23,10,October,Q4,2019,43,Wednesday,No,2019-20
20191024,2019-10-24,24,10,October,Q4,2019,43,Thursday,No,2019-20
20191025,2019-10-25,25,10,October,Q4,2019,43,Friday,No,2019-20
20191026,2019-10-26,26,10,October,Q4,2019,43,Saturday,Yes,2019-20
20191027,2019-10-27,27,10,October,Q4,2019,43,Sunday,Yes,2019-20
20191028,2019-10-28,28,10,October,Q4,2019,44,Monday,No,2019-20
20191029,2019-10-29,29,10,October,Q4,2019,44,Tuesday,No,2019-20
20191030,2019-10-30,30,10,October,Q4,2019,44,Wednesday,No,2019-20
20191031,2019-10-31,31,10,October,Q4,2019,44,Thursday,No,2019-20
20191101,2019-11-01,1,11,November,Q4,2019,44,Friday,No,2019-20
20191102,2019-11-02,2,11,November,Q4,2019,44,Saturday,Yes,2019-20
20191103,2019-11-03,3,11,November,Q4,2019,44,Sunday,Yes,2019-20
20191104,2019-11-04,4,11,November,Q4,2019,45,Monday,No,2019-20
20191105,2019-11-05,5,11,November,Q4,2019,45,Tuesday,No,2019-20
20191106,2019-11-06,6,11,November,Q4,2019,45,Wednesday,No,2019-20
20191107,2019-11-07,7,11,November,Q4,2019,45,Thursday,No,2019-20
20191108,2019-11-08,8,11,November,Q4,2019,45,Friday,No,2019-20
20191109,2019-11-09,9,11,November,Q4,2019,45,Saturday,Yes,2019-20
20191110,2019-11-10,10,11,November,Q4,2019,45,Sunday,Yes,2019-20
20191111,2019-11-11,11,11,November,Q4,2019,46,Monday,No,2019-20
20191112,2019-11-12,12,11,November,Q4,2019,46,Tuesday,No,2019-20
20191113,2019-11-13,13,11,November,Q4,2019,46,Wednesday,No,2019-20
20191114,2019-11-14,14,11,November,Q4,2019,46,Thursday,No,2019-20
20191115,2019-11-15,15,11,November,Q4,2019,46,Friday,No,2019-20
20191116,2019-11-16,16,11,November,Q4,2019,46,Saturday,Yes,2019-20
20191117,2019-11-17,17,11,November,Q4,2019,46,Sunday,Yes,2019-20
20191118,2019-11-18,18,11,November,Q4,2019,47,Monday,No,2019-20
20191119,2019-11-19,19,11,November,Q4,2019,47,Tuesday,No,2019-20
20191120,2019-11-20,20,11,November,Q4,2019,47,Wednesday,No,2019-20
20191121,2019-11-21,21,11,November,Q4,2019,47,Thursday,No,2019-20
20191122,2019-11-22,22,11,November,Q4,2019,47,Friday,No,2019-20
20191123,2019-11-23,23,11,November,Q4,2019,47,Saturday,Yes,2019-20
20191124,2019-11-24,24,11,November,Q4,2019,47,Sunday,Yes,2019-20
20191125,2019-11-25,25,11,November,Q4,2019,48,Monday,No,2019-20
20191126,2019-11-26,26,11,November,Q4,2019,48,Tuesday,No,2019-20
20191127,2019-11-27,27,11,November,Q4,2019,48,Wednesday,No,2019-20
20191128,2019-11-28,28,11,November,Q4,2019,48,Thursday,No,2019-20
20191129,2019-11-29,29,11,November,Q4,2019,48,Friday,No,2019-20
20191130,2019-11-30,30,11,November,Q4,2019,48,Saturday,Yes,2019-20
20191201,2019-12-01,1,12,December,Q4,2019,48,Sunday,Yes,2019-20
20191202,2019-12-02,2,12,December,Q4,2019,49,Monday,No,2019-20
20191203,2019-12-03,3,12,December,Q4,2019,49,Tuesday,No,2019-20
20191204,2019-12-04,4,12,December,Q4,2019,49,Wednesday,No,2019-20
20191205,2019-12-05,5,12,December,Q4,2019,49,Thursday,No,2019-20
20191206,2019-12-06,6,12,December,Q4,2019,49,Friday,No,2019-20
20191207,2019-12-07,7,12,December,Q4,2019,49,Saturday,Yes,2019-20
20191208,2019-12-08,8,12,December,Q4,2019,49,Sunday,Yes,2019-20
20191209,2019-12-09,9,12,December,Q4,2019,50,Monday,No,2019-20
20191210,2019-12-10,10,12,December,Q4,2019,50,Tuesday,No,2019-20
20191211,2019-12-11,11,12,December,Q4,2019,50,Wednesday,No,2019-20
20191212,2019-12-12,12,12,December,Q4,2019,50,Thursday,No,2019-20
20191213,2019-12-13,13,12,December,Q4,2019,50,Friday,No,2019-20
20191214,2019-12-14,14,12,December,Q4,2019,50,Saturday,Yes,2019-20
20191215,2019-12-15,15,12,December,Q4,2019,50,Sunday,Yes,2019-20
20191216,2019-12-16,16,12,December,Q4,2019,51,Monday,No,2019-20
20191217,2019-12-17,17,12,December,Q4,2019,51,Tuesday,No,2019-20
20191218,2019-12-18,18,12,December,Q4,2019,51,Wednesday,No,2019-20
20191219,2019-12-19,19,12,December,Q4,2019,51,Thursday,No,2019-20
20191220,2019-12-20,20,12,December,Q4,2019,51,Friday,No,2019-20
20191221,2019-12-21,21,12,December,Q4,2019,51,Saturday,Yes,2019-20
20191222,2019-12-22,22,12,December,Q4,2019,51,Sunday,Yes,2019-20
20191223,2019-12-23,23,12,December,Q4,2019,52,Monday,No,2019-20
20191224,2019-12-24,24,12,December,Q4,2019,52,Tuesday,No,2019-20
20191225,2019-12-25,25,12,December,Q4,2019,52,Wednesday,No,2019-20
20191226,2019-12-26,26,12,December,Q4,2019,52,Thursday,No,2019-20
20191227,2019-12-27,27,12,December,Q4,2019,52,Friday,No,2019-20
20191228,2019-12-28,28,12,December,Q4,2019,52,Saturday,Yes,2019-20
20191229,2019-12-29,29,12,December,Q4,2019,52,Sunday,Yes,2019-20
20191230,2019-12-30,30,12,December,Q4,2019,1,Monday,No,2019-20
20191231,2019-12-31,31,12,December,Q4,2019,1,Tuesday,No,2019-20
20200101,2020-01-01,1,1,January,Q1,2020,1,Wednesday,No,2019-20
20200102,2020-01-02,2,1,January,Q1,2020,1,Thursday,No,2019-20
20200103,2020-01-03,3,1,January,Q1,2020,1,Friday,No,2019-20
20200104,2020-01-04,4,1,January,Q1,2020,1,Saturday,Yes,2019-20
20200105,2020-01-05,5,1,January,Q1,2020,1,Sunday,Yes,2019-20
20200106,2020-01-06,6,1,January,Q1,2020,2,Monday,No,2019-20
20200107,2020-01-07,7,1,January,Q1,2020,2,Tuesday,No,2019-20
20200108,2020-01-08,8,1,January,Q1,2020,2,Wednesday,No,2019-20
20200109,2020-01-09,9,1,January,Q1,2020,2,Thursday,No,2019-20
20200110,2020-01-10,10,1,January,Q1,2020,2,Friday,No,2019-20
20200111,2020-01-11,11,1,January,Q1,2020,2,Saturday,Yes,2019-20
20200112,2020-01-12,12,1,January,Q1,2020,2,Sunday,Yes,2019-20
20200113,2020-01-13,13,1,January,Q1,2020,3,Monday,No,2019-20
20200114,2020-01-14,14,1,January,Q1,2020,3,Tuesday,No,2019-20
20200115,2020-01-15,15,1,January,Q1,2020,3,Wednesday,No,2019-20
20200116,2020-01-16,16,1,January,Q1,2020,3,Thursday,No,2019-20
20200117,2020-01-17,17,1,January,Q1,2020,3,Friday,No,2019-20
20200118,2020-01-18,18,1,January,Q1,2020,3,Saturday,Yes,2019-20
20200119,2020-01-19,19,1,January,Q1,2020,3,Sunday,Yes,2019-20
20200120,2020-01-20,20,1,January,Q1,2020,4,Monday,No,2019-20
20200121,2020-01-21,21,1,January,Q1,2020,4,Tuesday,No,2019-20
20200122,2020-01-22,22,1,January,Q1,2020,4,Wednesday,No,2019-20
20200123,2020-01-23,23,1,January,Q1,2020,4,Thursday,No,2019-20
20200124,2020-01-24,24,1,January,Q1,2020,4,Friday,No,2019-20
20200125,2020-01-25,25,1,January,Q1,2020,4,Saturday,Yes,2019-20
20200126,2020-01-26,26,1,January,Q1,2020,4,Sunday,Yes,2019-20
20200127,2020-01-27,27,1,January,Q1,2020,5,Monday,No,2019-20
20200128,2020-01-28,28,1,January,Q1,2020,5,Tuesday,No,2019-20
20200129,2020-01-29,29,1,January,Q1,2020,5,Wednesday,No,2019-20
20200130,2020-01-30,30,1,January,Q1,2020,5,Thursday,No,2019-20
20200131,2020-01-31,31,1,January,Q1,2020,5,Friday,No,2019-20
20200201,2020-02-01,1,2,February,Q1,2020,5,Saturday,Yes,2019-20
20200202,2020-02-02,2,2,February,Q1,2020,5,Sunday,Yes,2019-20
20200203,2020-02-03,3,2,February,Q1,2020,6,Monday,No,2019-20
20200204,2020-02-04,4,2,February,Q1,2020,6,Tuesday,No,2019-20
20200205,2020-02-05,5,2,February,Q1,2020,6,Wednesday,No,2019-20
20200206,2020-02-06,6,2,February,Q1,2020,6,Thursday,No,2019-20
20200207,2020-02-07,7,2,February,Q1,2020,6,Friday,No,2019-20
20200208,2020-02-08,8,2,February,Q1,2020,6,Saturday,Yes,2019-20
20200209,2020-02-09,9,2,February,Q1,2020,6,Sunday,Yes,2019-20
20200210,2020-02-10,10,2,February,Q1,2020,7,Monday,No,2019-20
20200211,2020-02-11,11,2,February,Q1,2020,7,Tuesday,No,2019-20
20200212,2020-02-12,12,2,February,Q1,2020,7,Wednesday,No,2019-20
20200213,2020-02-13,13,2,February,Q1,2020,7,Thursday,No,2019-20
20200214,2020-02-14,14,2,February,Q1,2020,7,Friday,No,2019-20
20200215,2020-02-15,15,2,February,Q1,2020,7,Saturday,Yes,2019-20
20200216,2020-02-16,16,2,February,Q1,2020,7,Sunday,Yes,2019-20
20200217,2020-02-17,17,2,February,Q1,2020,8,Monday,No,2019-20
20200218,2020-02-18,18,2,February,Q1,2020,8,Tuesday,No,2019-20
20200219,2020-02-19,19,2,February,Q1,2020,8,Wednesday,No,2019-20
20200220,2020-02-20,20,2,February,Q1,2020,8,Thursday,No,2019-20
20200221,2020-02-21,21,2,February,Q1,2020,8,Friday,No,2019-20
20200222,2020-02-22,22,2,February,Q1,2020,8,Saturday,Yes,2019-20
20200223,2020-02-23,23,2,February,Q1,2020,8,Sunday,Yes,2019-20
20200224,2020-02-24,24,2,February,Q1,2020,9,Monday,No,2019-20
20200225,2020-02-25,25,2,February,Q1,2020,9,Tuesday,No,2019-20
20200226,2020-02-26,26,2,February,Q1,2020,9,Wednesday,No,2019-20
20200227,2020-02-27,27,2,February,Q1,2020,9,Thursday,No,2019-20
20200228,2020-02-28,28,2,February,Q1,2020,9,Friday,No,2019-20
20200229,2020-02-29,29,2,February,Q1,2020,9,Saturday,Yes,2019-20
20200301,2020-03-01,1,3,March,Q1,2020,9,Sunday,Yes,2019-20
20200302,2020-03-02,2,3,March,Q1,2020,10,Monday,No,2019-20
20200303,2020-03-03,3,3,March,Q1,2020,10,Tuesday,No,2019-20
20200304,2020-03-04,4,3,March,Q1,2020,10,Wednesday,No,2019-20
20200305,2020-03-05,5,3,March,Q1,2020,10,Thursday,No,2019-20
20200306,2020-03-06,6,3,March,Q1,2020,10,Friday,No,2019-20
20200307,2020-03-07,7,3,March,Q1,2020,10,Saturday,Yes,2019-20
20200308,2020-03-08,8,3,March,Q1,2020,10,Sunday,Yes,2019-20
20200309,2020-03-09,9,3,March,Q1,2020,11,Monday,No,2019-20
20200310,2020-03-10,10,3,March,Q1,2020,11,Tuesday,No,2019-20
20200311,2020-03-11,11,3,March,Q1,2020,11,Wednesday,No,2019-20
20200312,2020-03-12,12,3,March,Q1,2020,11,Thursday,No,2019-20
20200313,2020-03-13,13,3,March,Q1,2020,11,Friday,No,2019-20
20200314,2020-03-14,14,3,March,Q1,2020,11,Saturday,Yes,2019-20
20200315,2020-03-15,15,3,March,Q1,2020,11,Sunday,Yes,2019-20
20200316,2020-03-16,16,3,March,Q1,2020,12,Monday,No,2019-20
20200317,2020-03-17,17,3,March,Q1,2020,12,Tuesday,No,2019-20
20200318,2020-03-18,18,3,March,Q1,2020,12,Wednesday,No,2019-20
20200319,2020-03-19,19,3,March,Q1,2020,12,Thursday,No,2019-20
20200320,2020-03-20,20,3,March,Q1,2020,12,Friday,No,2019-20
20200321,2020-03-21,21,3,March,Q1,2020,12,Saturday,Yes,2019-20
20200322,2020-03-22,22,3,March,Q1,2020,12,Sunday,Yes,2019-20
20200323,2020-03-23,23,3,March,Q1,2020,13,Monday,No,2019-20
20200324,2020-03-24,24,3,March,Q1,2020,13,Tuesday,No,2019-20
20200325,2020-03-25,25,3,March,Q1,2020,13,Wednesday,No,2019-20
20200326,2020-03-26,26,3,March,Q1,2020,13,Thursday,No,2019-20
20200327,2020-03-27,27,3,March,Q1,2020,13,Friday,No,2019-20
20200328,2020-03-28,28,3,March,Q1,2020,13,Saturday,Yes,2019-20
20200329,2020-03-29,29,3,March,Q1,2020,13,Sunday,Yes,2019-20
20200330,2020-03-30,30,3,March,Q1,2020,14,Monday,No,2019-20
20200331,2020-03-31,31,3,March,Q1,2020,14,Tuesday,No,2019-20
20200401,2020-04-01,1,4,April,Q2,2020,14,Wednesday,No,2020-21
20200402,2020-04-02,2,4,April,Q2,2020,14,Thursday,No,2020-21
20200403,2020-04-03,3,4,April,Q2,2020,14,Friday,No,2020-21
20200404,2020-04-04,4,4,April,Q2,2020,14,Saturday,Yes,2020-21
20200405,2020-04-05,5,4,April,Q2,2020,14,Sunday,Yes,2020-21
20200406,2020-04-06,6,4,April,Q2,2020,15,Monday,No,2020-21
20200407,2020-04-07,7,4,April,Q2,2020,15,Tuesday,No,2020-21
20200408,2020-04-08,8,4,April,Q2,2020,15,Wednesday,No,2020-21
20200409,2020-04-09,9,4,April,Q2,2020,15,Thursday,No,2020-21
20200410,2020-04-10,10,4,April,Q2,2020,15,Friday,No,2020-21
20200411,2020-04-11,11,4,April,Q2,2020,15,Saturday,Yes,2020-21
20200412,2020-04-12,12,4,April,Q2,2020,15,Sunday,Yes,2020-21
20200413,2020-04-13,13,4,April,Q2,2020,16,Monday,No,2020-21
20200414,2020-04-14,14,4,April,Q2,2020,16,Tuesday,No,2020-21
20200415,2020-04-15,15,4,April,Q2,2020,16,Wednesday,No,2020-21
20200416,2020-04-16,16,4,April,Q2,2020,16,Thursday,No,2020-21
20200417,2020-04-17,17,4,April,Q2,2020,16,Friday,No,2020-21
20200418,2020-04-18,18,4,April,Q2,2020,16,Saturday,Yes,2020-21
20200419,2020-04-19,19,4,April,Q2,2020,16,Sunday,Yes,2020-21
20200420,2020-04-20,20,4,April,Q2,2020,17,Monday,No,2020-21
20200421,2020-04-21,21,4,April,Q2,2020,17,Tuesday,No,2020-21
20200422,2020-04-22,22,4,April,Q2,2020,17,Wednesday,No,2020-21
20200423,2020-04-23,23,4,April,Q2,2020,17,Thursday,No,2020-21
20200424,2020-04-24,24,4,April,Q2,2020,17,Friday,No,2020-21
20200425,2020-04-25,25,4,April,Q2,2020,17,Saturday,Yes,2020-21
20200426,2020-04-26,26,4,April,Q2,2020,17,Sunday,Yes,2020-21
20200427,2020-04-27,27,4,April,Q2,2020,18,Monday,No,2020-21
20200428,2020-04-28,28,4,April,Q2,2020,18,Tuesday,No,2020-21
20200429,2020-04-29,29,4,April,Q2,2020,18,Wednesday,No,2020-21
20200430,2020-04-30,30,4,April,Q2,2020,18,Thursday,No,2020-21
20200501,2020-05-01,1,5,May,Q2,2020,18,Friday,No,2020-21
20200502,2020-05-02,2,5,May,Q2,2020,18,Saturday,Yes,2020-21
20200503,2020-05-03,3,5,May,Q2,2020,18,Sunday,Yes,2020-21
20200504,2020-05-04,4,5,May,Q2,2020,19,Monday,No,2020-21
20200505,2020-05-05,5,5,May,Q2,2020,19,Tuesday,No,2020-21
20200506,2020-05-06,6,5,May,Q2,2020,19,Wednesday,No,2020-21
20200507,2020-05-07,7,5,May,Q2,2020,19,Thursday,No,2020-21
20200508,2020-05-08,8,5,May,Q2,2020,19,Friday,No,2020-21
20200509,2020-05-09,9,5,May,Q2,2020,19,Saturday,Yes,2020-21
20200510,2020-05-10,10,5,May,Q2,2020,19,Sunday,Yes,2020-21
20200511,2020-05-11,11,5,May,Q2,2020,20,Monday,No,2020-21
20200512,2020-05-12,12,5,May,Q2,2020,20,Tuesday,No,2020-21
20200513,2020-05-13,13,5,May,Q2,2020,20,Wednesday,No,2020-21
20200514,2020-05-14,14,5,May,Q2,2020,20,Thursday,No,2020-21
20200515,2020-05-15,15,5,May,Q2,2020,20,Friday,No,2020-21
20200516,2020-05-16,16,5,May,Q2,2020,20,Saturday,Yes,2020-21
20200517,2020-05-17,17,5,May,Q2,2020,20,Sunday,Yes,2020-21
20200518,2020-05-18,18,5,May,Q2,2020,21,Monday,No,2020-21
20200519,2020-05-19,19,5,May,Q2,2020,21,Tuesday,No,2020-21
20200520,2020-05-20,20,5,May,Q2,2020,21,Wednesday,No,2020-21
20200521,2020-05-21,21,5,May,Q2,2020,21,Thursday,No,2020-21
20200522,2020-05-22,22,5,May,Q2,2020,21,Friday,No,2020-21
20200523,2020-05-23,23,5,May,Q2,2020,21,Saturday,Yes,2020-21
20200524,2020-05-24,24,5,May,Q2,2020,21,Sunday,Yes,2020-21
20200525,2020-05-25,25,5,May,Q2,2020,22,Monday,No,2020-21
20200526,2020-05-26,26,5,May,Q2,2020,22,Tuesday,No,2020-21
20200527,2020-05-27,27,5,May,Q2,2020,22,Wednesday,No,2020-21
20200528,2020-05-28,28,5,May,Q2,2020,22,Thursday,No,2020-21
20200529,2020-05-29,29,5,May,Q2,2020,22,Friday,No,2020-21
20200530,2020-05-30,30,5,May,Q2,2020,22,Saturday,Yes,2020-21
20200531,2020-05-31,31,5,May,Q2,2020,22,Sunday,Yes,2020-21
20200601,2020-06-01,1,6,June,Q2,2020,23,Monday,No,2020-21
20200602,2020-06-02,2,6,June,Q2,2020,23,Tuesday,No,2020-21
20200603,2020-06-03,3,6,June,Q2,2020,23,Wednesday,No,2020-21
20200604,2020-06-04,4,6,June,Q2,2020,23,Thursday,No,2020-21
20200605,2020-06-05,5,6,June,Q2,2020,23,Friday,No,2020-21
20200606,2020-06-06,6,6,June,Q2,2020,23,Saturday,Yes,2020-21
20200607,2020-06-07,7,6,June,Q2,2020,23,Sunday,Yes,2020-21
20200608,2020-06-08,8,6,June,Q2,2020,24,Monday,No,2020-21
20200609,2020-06-09,9,6,June,Q2,2020,24,Tuesday,No,2020-21
20200610,2020-06-10,10,6,June,Q2,2020,24,Wednesday,No,2020-21
20200611,2020-06-11,11,6,June,Q2,2020,24,Thursday,No,2020-21
20200612,2020-06-12,12,6,June,Q2,2020,24,Friday,No,2020-21
20200613,2020-06-13,13,6,June,Q2,2020,24,Saturday,Yes,2020-21
20200614,2020-06-14,14,6,June,Q2,2020,24,Sunday,Yes,2020-21
20200615,2020-06-15,15,6,June,Q2,2020,25,Monday,No,2020-21
20200616,2020-06-16,16,6,June,Q2,2020,25,Tuesday,No,2020-21
20200617,2020-06-17,17,6,June,Q2,2020,25,Wednesday,No,2020-21
20200618,2020-06-18,18,6,June,Q2,2020,25,Thursday,No,2020-21
20200619,2020-06-19,19,6,June,Q2,2020,25,Friday,No,2020-21
20200620,2020-06-20,20,6,June,Q2,2020,25,Saturday,Yes,2020-21
20200621,2020-06-21,21,6,June,Q2,2020,25,Sunday,Yes,2020-21
20200622,2020-06-22,22,6,June,Q2,2020,26,Monday,No,2020-21
20200623,2020-06-23,23,6,June,Q2,2020,26,Tuesday,No,2020-21
20200624,2020-06-24,24,6,June,Q2,2020,26,Wednesday,No,2020-21
20200625,2020-06-25,25,6,June,Q2,2020,26,Thursday,No,2020-21
20200626,2020-06-26,26,6,June,Q2,2020,26,Friday,No,2020-21
20200627,2020-06-27,27,6,June,Q2,2020,26,Saturday,Yes,2020-21
20200628,2020-06-28,28,6,June,Q2,2020,26,Sunday,Yes,2020-21
20200629,2020-06-29,29,6,June,Q2,2020,27,Monday,No,2020-21
20200630,2020-06-30,30,6,June,Q2,2020,27,Tuesday,No,2020-21
20200701,2020-07-01,1,7,July,Q3,2020,27,Wednesday,No,2020-21
20200702,2020-07-02,2,7,July,Q3,2020,27,Thursday,No,2020-21
20200703,2020-07-03,3,7,July,Q3,2020,27,Friday,No,2020-21
20200704,2020-07-04,4,7,July,Q3,2020,27,Saturday,Yes,2020-21
20200705,2020-07-05,5,7,July,Q3,2020,27,Sunday,Yes,2020-21
20200706,2020-07-06,6,7,July,Q3,2020,28,Monday,No,2020-21
20200707,2020-07-07,7,7,July,Q3,2020,28,Tuesday,No,2020-21
20200708,2020-07-08,8,7,July,Q3,2020,28,Wednesday,No,2020-21
20200709,2020-07-09,9,7,July,Q3,2020,28,Thursday,No,2020-21
20200710,2020-07-10,10,7,July,Q3,2020,28,Friday,No,2020-21
20200711,2020-07-11,11,7,July,Q3,2020,28,Saturday,Yes,2020-21
20200712,2020-07-12,12,7,July,Q3,2020,28,Sunday,Yes,2020-21
20200713,2020-07-13,13,7,July,Q3,2020,29,Monday,No,2020-21
20200714,2020-07-14,14,7,July,Q3,2020,29,Tuesday,No,2020-21
20200715,2020-07-15,15,7,July,Q3,2020,29,Wednesday,No,2020-21
20200716,2020-07-16,16,7,July,Q3,2020,29,Thursday,No,2020-21
20200717,2020-07-17,17,7,July,Q3,2020,29,Friday,No,2020-21
20200718,2020-07-18,18,7,July,Q3,2020,29,Saturday,Yes,2020-21
20200719,2020-07-19,19,7,July,Q3,2020,29,Sunday,Yes,2020-21
20200720,2020-07-20,20,7,July,Q3,2020,30,Monday,No,2020-21
20200721,2020-07-21,21,7,July,Q3,2020,30,Tuesday,No,2020-21
20200722,2020-07-22,22,7,July,Q3,2020,30,Wednesday,No,2020-21
20200723,2020-07-23,23,7,July,Q3,2020,30,Thursday,No,2020-21
20200724,2020-07-24,24,7,July,Q3,2020,30,Friday,No,2020-21
20200725,2020-07-25,25,7,July,Q3,2020,30,Saturday,Yes,2020-21
20200726,2020-07-26,26,7,July,Q3,2020,30,Sunday,Yes,2020-21
20200727,2020-07-27,27,7,July,Q3,2020,31,Monday,No,2020-21
20200728,2020-07-28,28,7,July,Q3,2020,31,Tuesday,No,2020-21
20200729,2020-07-29,29,7,July,Q3,2020,31,Wednesday,No,2020-21
20200730,2020-07-30,30,7,July,Q3,2020,31,Thursday,No,2020-21
20200731,2020-07-31,31,7,July,Q3,2020,31,Friday,No,2020-21
20200801,2020-08-01,1,8,August,Q3,2020,31,Saturday,Yes,2020-21
20200802,2020-08-02,2,8,August,Q3,2020,31,Sunday,Yes,2020-21
20200803,2020-08-03,3,8,August,Q3,2020,32,Monday,No,2020-21
20200804,2020-08-04,4,8,August,Q3,2020,32,Tuesday,No,2020-21
20200805,2020-08-05,5,8,August,Q3,2020,32,Wednesday,No,2020-21
20200806,2020-08-06,6,8,August,Q3,2020,32,Thursday,No,2020-21
20200807,2020-08-07,7,8,August,Q3,2020,32,Friday,No,2020-21
20200808,2020-08-08,8,8,August,Q3,2020,32,Saturday,Yes,2020-21
20200809,2020-08-09,9,8,August,Q3,2020,32,Sunday,Yes,2020-21
20200810,2020-08-10,10,8,August,Q3,2020,33,Monday,No,2020-21
20200811,2020-08-11,11,8,August,Q3,2020,33,Tuesday,No,2020-21
20200812,2020-08-12,12,8,August,Q3,2020,33,Wednesday,No,2020-21
20200813,2020-08-13,13,8,August,Q3,2020,33,Thursday,No,2020-21
20200814,2020-08-14,14,8,August,Q3,2020,33,Friday,No,2020-21
20200815,2020-08-15,15,8,August,Q3,2020,33,Saturday,Yes,2020-21
20200816,2020-08-16,16,8,August,Q3,2020,33,Sunday,Yes,2020-21
20200817,2020-08-17,17,8,August,Q3,2020,34,Monday,No,2020-21
20200818,2020-08-18,18,8,August,Q3,2020,34,Tuesday,No,2020-21
20200819,2020-08-19,19,8,August,Q3,2020,34,Wednesday,No,2020-21
20200820,2020-08-20,20,8,August,Q3,2020,34,Thursday,No,2020-21
20200821,2020-08-21,21,8,August,Q3,2020,34,Friday,No,2020-21
20200822,2020-08-22,22,8,August,Q3,2020,34,Saturday,Yes,2020-21
20200823,2020-08-23,23,8,August,Q3,2020,34,Sunday,Yes,2020-21
20200824,2020-08-24,24,8,August,Q3,2020,35,Monday,No,2020-21
20200825,2020-08-25,25,8,August,Q3,2020,35,Tuesday,No,2020-21
20200826,2020-08-26,26,8,August,Q3,2020,35,Wednesday,No,2020-21
20200827,2020-08-27,27,8,August,Q3,2020,35,Thursday,No,2020-21
20200828,2020-08-28,28,8,August,Q3,2020,35,Friday,No,2020-21
20200829,2020-08-29,29,8,August,Q3,2020,35,Saturday,Yes,2020-21
20200830,2020-08-30,30,8,August,Q3,2020,35,Sunday,Yes,2020-21
20200831,2020-08-31,31,8,August,Q3,2020,36,Monday,No,2020-21
20200901,2020-09-01,1,9,September,Q3,2020,36,Tuesday,No,2020-21
20200902,2020-09-02,2,9,September,Q3,2020,36,Wednesday,No,2020-21
20200903,2020-09-03,3,9,September,Q3,2020,36,Thursday,No,2020-21
20200904,2020-09-04,4,9,September,Q3,2020,36,Friday,No,2020-21
20200905,2020-09-05,5,9,September,Q3,2020,36,Saturday,Yes,2020-21
20200906,2020-09-06,6,9,September,Q3,2020,36,Sunday,Yes,2020-21
20200907,2020-09-07,7,9,September,Q3,2020,37,Monday,No,2020-21
20200908,2020-09-08,8,9,September,Q3,2020,37,Tuesday,No,2020-21
20200909,2020-09-09,9,9,September,Q3,2020,37,Wednesday,No,2020-21
20200910,2020-09-10,10,9,September,Q3,2020,37,Thursday,No,2020-21
20200911,2020-09-11,11,9,September,Q3,2020,37,Friday,No,2020-21
20200912,2020-09-12,12,9,September,Q3,2020,37,Saturday,Yes,2020-21
20200913,2020-09-13,13,9,September,Q3,2020,37,Sunday,Yes,2020-21
20200914,2020-09-14,14,9,September,Q3,2020,38,Monday,No,2020-21
20200915,2020-09-15,15,9,September,Q3,2020,38,Tuesday,No,2020-21
20200916,2020-09-16,16,9,September,Q3,2020,38,Wednesday,No,2020-21
20200917,2020-09-17,17,9,September,Q3,2020,38,Thursday,No,2020-21
20200918,2020-09-18,18,9,September,Q3,2020,38,Friday,No,2020-21
20200919,2020-09-19,19,9,September,Q3,2020,38,Saturday,Yes,2020-21
20200920,2020-09-20,20,9,September,Q3,2020,38,Sunday,Yes,2020-21
20200921,2020-09-21,21,9,September,Q3,2020,39,Monday,No,2020-21
20200922,2020-09-22,22,9,September,Q3,2020,39,Tuesday,No,2020-21
20200923,2020-09-23,23,9,September,Q3,2020,39,Wednesday,No,2020-21
20200924,2020-09-24,24,9,September,Q3,2020,39,Thursday,No,2020-21
20200925,2020-09-25,25,9,September,Q3,2020,39,Friday,No,2020-21
20200926,2020-09-26,26,9,September,Q3,2020,39,Saturday,Yes,2020-21
20200927,2020-09-27,27,9,September,Q3,2020,39,Sunday,Yes,2020-21
20200928,2020-09-28,28,9,September,Q3,2020,40,Monday,No,2020-21
20200929,2020-09-29,29,9,September,Q3,2020,40,Tuesday,No,2020-21
20200930,2020-09-30,30,9,September,Q3,2020,40,Wednesday,No,2020-21
20201001,2020-10-01,1,10,October,Q4,2020,40,Thursday,No,2020-21
20201002,2020-10-02,2,10,October,Q4,2020,40,Friday,No,2020-21
20201003,2020-10-03,3,10,October,Q4,2020,40,Saturday,Yes,2020-21
20201004,2020-10-04,4,10,October,Q4,2020,40,Sunday,Yes,2020-21
20201005,2020-10-05,5,10,October,Q4,2020,41,Monday,No,2020-21
20201006,2020-10-06,6,10,October,Q4,2020,41,Tuesday,No,2020-21
20201007,2020-10-07,7,10,October,Q4,2020,41,Wednesday,No,2020-21
20201008,2020-10-08,8,10,October,Q4,2020,41,Thursday,No,2020-21
20201009,2020-10-09,9,10,October,Q4,2020,41,Friday,No,2020-21
20201010,2020-10-10,10,10,October,Q4,2020,41,Saturday,Yes,2020-21
20201011,2020-10-11,11,10,October,Q4,2020,41,Sunday,Yes,2020-21
20201012,2020-10-12,12,10,October,Q4,2020,42,Monday,No,2020-21
20201013,2020-10-13,13,10,October,Q4,2020,42,Tuesday,No,2020-21
20201014,2020-10-14,14,10,October,Q4,2020,42,Wednesday,No,2020-21
20201015,2020-10-15,15,10,October,Q4,2020,42,Thursday,No,2020-21
20201016,2020-10-16,16,10,October,Q4,2020,42,Friday,No,2020-21
20201017,2020-10-17,17,10,October,Q4,2020,42,Saturday,Yes,2020-21
20201018,2020-10-18,18,10,October,Q4,2020,42,Sunday,Yes,2020-21
20201019,2020-10-19,19,10,October,Q4,2020,43,Monday,No,2020-21
20201020,2020-10-20,20,10,October,Q4,2020,43,Tuesday,No,2020-21
20201021,2020-10-21,21,10,October,Q4,2020,43,Wednesday,No,2020-21
20201022,2020-10-22,22,10,October,Q4,2020,43,Thursday,No,2020-21
20201023,2020-10-23,23,10,October,Q4,2020,43,Friday,No,2020-21
20201024,2020-10-24,24,10,October,Q4,2020,43,Saturday,Yes,2020-21
20201025,2020-10-25,25,10,October,Q4,2020,43,Sunday,Yes,2020-21
20201026,2020-10-26,26,10,October,Q4,2020,44,Monday,No,2020-21
20201027,2020-10-27,27,10,October,Q4,2020,44,Tuesday,No,2020-21
20201028,2020-10-28,28,10,October,Q4,2020,44,Wednesday,No,2020-21
20201029,2020-10-29,29,10,October,Q4,2020,44,Thursday,No,2020-21
20201030,2020-10-30,30,10,October,Q4,2020,44,Friday,No,2020-21
20201031,2020-10-31,31,10,October,Q4,2020,44,Saturday,Yes,2020-21
20201101,2020-11-01,1,11,November,Q4,2020,44,Sunday,Yes,2020-21
20201102,2020-11-02,2,11,November,Q4,2020,45,Monday,No,2020-21
20201103,2020-11-03,3,11,November,Q4,2020,45,Tuesday,No,2020-21
20201104,2020-11-04,4,11,November,Q4,2020,45,Wednesday,No,2020-21
20201105,2020-11-05,5,11,November,Q4,2020,45,Thursday,No,2020-21
20201106,2020-11-06,6,11,November,Q4,2020,45,Friday,No,2020-21
20201107,2020-11-07,7,11,November,Q4,2020,45,Saturday,Yes,2020-21
20201108,2020-11-08,8,11,November,Q4,2020,45,Sunday,Yes,2020-21
20201109,2020-11-09,9,11,November,Q4,2020,46,Monday,No,2020-21
20201110,2020-11-10,10,11,November,Q4,2020,46,Tuesday,No,2020-21
20201111,2020-11-11,11,11,November,Q4,2020,46,Wednesday,No,2020-21
20201112,2020-11-12,12,11,November,Q4,2020,46,Thursday,No,2020-21
20201113,2020-11-13,13,11,November,Q4,2020,46,Friday,No,2020-21
20201114,2020-11-14,14,11,November,Q4,2020,46,Saturday,Yes,2020-21
20201115,2020-11-15,15,11,November,Q4,2020,46,Sunday,Yes,2020-21
20201116,2020-11-16,16,11,November,Q4,2020,47,Monday,No,2020-21
20201117,2020-11-17,17,11,November,Q4,2020,47,Tuesday,No,2020-21
20201118,2020-11-18,18,11,November,Q4,2020,47,Wednesday,No,2020-21
20201119,2020-11-19,19,11,November,Q4,2020,47,Thursday,No,2020-21
20201120,2020-11-20,20,11,November,Q4,2020,47,Friday,No,2020-21
20201121,2020-11-21,21,11,November,Q4,2020,47,Saturday,Yes,2020-21
20201122,2020-11-22,22,11,November,Q4,2020,47,Sunday,Yes,2020-21
20201123,2020-11-23,23,11,November,Q4,2020,48,Monday,No,2020-21
20201124,2020-11-24,24,11,November,Q4,2020,48,Tuesday,No,2020-21
20201125,2020-11-25,25,11,November,Q4,2020,48,Wednesday,No,2020-21
20201126,2020-11-26,26,11,November,Q4,2020,48,Thursday,No,2020-21
20201127,2020-11-27,27,11,November,Q4,2020,48,Friday,No,2020-21
20201128,2020-11-28,28,11,November,Q4,2020,48,Saturday,Yes,2020-21
20201129,2020-11-29,29,11,November,Q4,2020,48,Sunday,Yes,2020-21
20201130,2020-11-30,30,11,November,Q4,2020,49,Monday,No,2020-21
20201201,2020-12-01,1,12,December,Q4,2020,49,Tuesday,No,2020-21
20201202,2020-12-02,2,12,December,Q4,2020,49,Wednesday,No,2020-21
20201203,2020-12-03,3,12,December,Q4,2020,49,Thursday,No,2020-21
20201204,2020-12-04,4,12,December,Q4,2020,49,Friday,No,2020-21
20201205,2020-12-05,5,12,December,Q4,2020,49,Saturday,Yes,2020-21
20201206,2020-12-06,6,12,December,Q4,2020,49,Sunday,Yes,2020-21
20201207,2020-12-07,7,12,December,Q4,2020,50,Monday,No,2020-21
20201208,2020-12-08,8,12,December,Q4,2020,50,Tuesday,No,2020-21
20201209,2020-12-09,9,12,December,Q4,2020,50,Wednesday,No,2020-21
20201210,2020-12-10,10,12,December,Q4,2020,50,Thursday,No,2020-21
20201211,2020-12-11,11,12,December,Q4,2020,50,Friday,No,2020-21
20201212,2020-12-12,12,12,December,Q4,2020,50,Saturday,Yes,2020-21
20201213,2020-12-13,13,12,December,Q4,2020,50,Sunday,Yes,2020-21
20201214,2020-12-14,14,12,December,Q4,2020,51,Monday,No,2020-21
20201215,2020-12-15,15,12,December,Q4,2020,51,Tuesday,No,2020-21
20201216,2020-12-16,16,12,December,Q4,2020,51,Wednesday,No,2020-21
20201217,2020-12-17,17,12,December,Q4,2020,51,Thursday,No,2020-21
20201218,2020-12-18,18,12,December,Q4,2020,51,Friday,No,2020-21
20201219,2020-12-19,19,12,December,Q4,2020,51,Saturday,Yes,2020-21
20201220,2020-12-20,20,12,December,Q4,2020,51,Sunday,Yes,2020-21
20201221,2020-12-21,21,12,December,Q4,2020,52,Monday,No,2020-21
20201222,2020-12-22,22,12,December,Q4,2020,52,Tuesday,No,2020-21
20201223,2020-12-23,23,12,December,Q4,2020,52,Wednesday,No,2020-21
20201224,2020-12-24,24,12,December,Q4,2020,52,Thursday,No,2020-21
20201225,2020-12-25,25,12,December,Q4,2020,52,Friday,No,2020-21
20201226,2020-12-26,26,12,December,Q4,2020,52,Saturday,Yes,2020-21
20201227,2020-12-27,27,12,December,Q4,2020,52,Sunday,Yes,2020-21
20201228,2020-12-28,28,12,December,Q4,2020,53,Monday,No,2020-21
20201229,2020-12-29,29,12,December,Q4,2020,53,Tuesday,No,2020-21
20201230,2020-12-30,30,12,December,Q4,2020,53,Wednesday,No,2020-21
20201231,2020-12-31,31,12,December,Q4,2020,53,Thursday,No,2020-21
20210101,2021-01-01,1,1,January,Q1,2021,53,Friday,No,2020-21
20210102,2021-01-02,2,1,January,Q1,2021,53,Saturday,Yes,2020-21
20210103,2021-01-03,3,1,January,Q1,2021,53,Sunday,Yes,2020-21
20210104,2021-01-04,4,1,January,Q1,2021,1,Monday,No,2020-21
20210105,2021-01-05,5,1,January,Q1,2021,1,Tuesday,No,2020-21
20210106,2021-01-06,6,1,January,Q1,2021,1,Wednesday,No,2020-21
20210107,2021-01-07,7,1,January,Q1,2021,1,Thursday,No,2020-21
20210108,2021-01-08,8,1,January,Q1,2021,1,Friday,No,2020-21
20210109,2021-01-09,9,1,January,Q1,2021,1,Saturday,Yes,2020-21
20210110,2021-01-10,10,1,January,Q1,2021,1,Sunday,Yes,2020-21
20210111,2021-01-11,11,1,January,Q1,2021,2,Monday,No,2020-21
20210112,2021-01-12,12,1,January,Q1,2021,2,Tuesday,No,2020-21
20210113,2021-01-13,13,1,January,Q1,2021,2,Wednesday,No,2020-21
20210114,2021-01-14,14,1,January,Q1,2021,2,Thursday,No,2020-21
20210115,2021-01-15,15,1,January,Q1,2021,2,Friday,No,2020-21
20210116,2021-01-16,16,1,January,Q1,2021,2,Saturday,Yes,2020-21
20210117,2021-01-17,17,1,January,Q1,2021,2,Sunday,Yes,2020-21
20210118,2021-01-18,18,1,January,Q1,2021,3,Monday,No,2020-21
20210119,2021-01-19,19,1,January,Q1,2021,3,Tuesday,No,2020-21
20210120,2021-01-20,20,1,January,Q1,2021,3,Wednesday,No,2020-21
20210121,2021-01-21,21,1,January,Q1,2021,3,Thursday,No,2020-21
20210122,2021-01-22,22,1,January,Q1,2021,3,Friday,No,2020-21
20210123,2021-01-23,23,1,January,Q1,2021,3,Saturday,Yes,2020-21
20210124,2021-01-24,24,1,January,Q1,2021,3,Sunday,Yes,2020-21
20210125,2021-01-25,25,1,January,Q1,2021,4,Monday,No,2020-21
20210126,2021-01-26,26,1,January,Q1,2021,4,Tuesday,No,2020-21
20210127,2021-01-27,27,1,January,Q1,2021,4,Wednesday,No,2020-21
20210128,2021-01-28,28,1,January,Q1,2021,4,Thursday,No,2020-21
20210129,2021-01-29,29,1,January,Q1,2021,4,Friday,No,2020-21
20210130,2021-01-30,30,1,January,Q1,2021,4,Saturday,Yes,2020-21
20210131,2021-01-31,31,1,January,Q1,2021,4,Sunday,Yes,2020-21
20210201,2021-02-01,1,2,February,Q1,2021,5,Monday,No,2020-21
20210202,2021-02-02,2,2,February,Q1,2021,5,Tuesday,No,2020-21
20210203,2021-02-03,3,2,February,Q1,2021,5,Wednesday,No,2020-21
20210204,2021-02-04,4,2,February,Q1,2021,5,Thursday,No,2020-21
20210205,2021-02-05,5,2,February,Q1,2021,5,Friday,No,2020-21
20210206,2021-02-06,6,2,February,Q1,2021,5,Saturday,Yes,2020-21
20210207,2021-02-07,7,2,February,Q1,2021,5,Sunday,Yes,2020-21
20210208,2021-02-08,8,2,February,Q1,2021,6,Monday,No,2020-21
20210209,2021-02-09,9,2,February,Q1,2021,6,Tuesday,No,2020-21
20210210,2021-02-10,10,2,February,Q1,2021,6,Wednesday,No,2020-21
20210211,2021-02-11,11,2,February,Q1,2021,6,Thursday,No,2020-21
20210212,2021-02-12,12,2,February,Q1,2021,6,Friday,No,2020-21
20210213,2021-02-13,13,2,February,Q1,2021,6,Saturday,Yes,2020-21
20210214,2021-02-14,14,2,February,Q1,2021,6,Sunday,Yes,2020-21
20210215,2021-02-15,15,2,February,Q1,2021,7,Monday,No,2020-21
20210216,2021-02-16,16,2,February,Q1,2021,7,Tuesday,No,2020-21
20210217,2021-02-17,17,2,February,Q1,2021,7,Wednesday,No,2020-21
20210218,2021-02-18,18,2,February,Q1,2021,7,Thursday,No,2020-21
20210219,2021-02-19,19,2,February,Q1,2021,7,Friday,No,2020-21
20210220,2021-02-20,20,2,February,Q1,2021,7,Saturday,Yes,2020-21
20210221,2021-02-21,21,2,February,Q1,2021,7,Sunday,Yes,2020-21
20210222,2021-02-22,22,2,February,Q1,2021,8,Monday,No,2020-21
20210223,2021-02-23,23,2,February,Q1,2021,8,Tuesday,No,2020-21
20210224,2021-02-24,24,2,February,Q1,2021,8,Wednesday,No,2020-21
20210225,2021-02-25,25,2,February,Q1,2021,8,Thursday,No,2020-21
20210226,2021-02-26,26,2,February,Q1,2021,8,Friday,No,2020-21
20210227,2021-02-27,27,2,February,Q1,2021,8,Saturday,Yes,2020-21
20210228,2021-02-28,28,2,February,Q1,2021,8,Sunday,Yes,2020-21
20210301,2021-03-01,1,3,March,Q1,2021,9,Monday,No,2020-21
20210302,2021-03-02,2,3,March,Q1,2021,9,Tuesday,No,2020-21
20210303,2021-03-03,3,3,March,Q1,2021,9,Wednesday,No,2020-21
20210304,2021-03-04,4,3,March,Q1,2021,9,Thursday,No,2020-21
20210305,2021-03-05,5,3,March,Q1,2021,9,Friday,No,2020-21
20210306,2021-03-06,6,3,March,Q1,2021,9,Saturday,Yes,2020-21
20210307,2021-03-07,7,3,March,Q1,2021,9,Sunday,Yes,2020-21
20210308,2021-03-08,8,3,March,Q1,2021,10,Monday,No,2020-21
20210309,2021-03-09,9,3,March,Q1,2021,10,Tuesday,No,2020-21
20210310,2021-03-10,10,3,March,Q1,2021,10,Wednesday,No,2020-21
20210311,2021-03-11,11,3,March,Q1,2021,10,Thursday,No,2020-21
20210312,2021-03-12,12,3,March,Q1,2021,10,Friday,No,2020-21
20210313,2021-03-13,13,3,March,Q1,2021,10,Saturday,Yes,2020-21
20210314,2021-03-14,14,3,March,Q1,2021,10,Sunday,Yes,2020-21
20210315,2021-03-15,15,3,March,Q1,2021,11,Monday,No,2020-21
20210316,2021-03-16,16,3,March,Q1,2021,11,Tuesday,No,2020-21
20210317,2021-03-17,17,3,March,Q1,2021,11,Wednesday,No,2020-21
20210318,2021-03-18,18,3,March,Q1,2021,11,Thursday,No,2020-21
20210319,2021-03-19,19,3,March,Q1,2021,11,Friday,No,2020-21
20210320,2021-03-20,20,3,March,Q1,2021,11,Saturday,Yes,2020-21
20210321,2021-03-21,21,3,March,Q1,2021,11,Sunday,Yes,2020-21
20210322,2021-03-22,22,3,March,Q1,2021,12,Monday,No,2020-21
20210323,2021-03-23,23,3,March,Q1,2021,12,Tuesday,No,2020-21
20210324,2021-03-24,24,3,March,Q1,2021,12,Wednesday,No,2020-21
20210325,2021-03-25,25,3,March,Q1,2021,12,Thursday,No,2020-21
20210326,2021-03-26,26,3,March,Q1,2021,12,Friday,No,2020-21
20210327,2021-03-27,27,3,March,Q1,2021,12,Saturday,Yes,2020-21
20210328,2021-03-28,28,3,March,Q1,2021,12,Sunday,Yes,2020-21
20210329,2021-03-29,29,3,March,Q1,2021,13,Monday,No,2020-21
20210330,2021-03-30,30,3,March,Q1,2021,13,Tuesday,No,2020-21
20210331,2021-03-31,31,3,March,Q1,2021,13,Wednesday,No,2020-21
20210401,2021-04-01,1,4,April,Q2,2021,13,Thursday,No,2021-22
20210402,2021-04-02,2,4,April,Q2,2021,13,Friday,No,2021-22
20210403,2021-04-03,3,4,April,Q2,2021,13,Saturday,Yes,2021-22
20210404,2021-04-04,4,4,April,Q2,2021,13,Sunday,Yes,2021-22
20210405,2021-04-05,5,4,April,Q2,2021,14,Monday,No,2021-22
20210406,2021-04-06,6,4,April,Q2,2021,14,Tuesday,No,2021-22
20210407,2021-04-07,7,4,April,Q2,2021,14,Wednesday,No,2021-22
20210408,2021-04-08,8,4,April,Q2,2021,14,Thursday,No,2021-22
20210409,2021-04-09,9,4,April,Q2,2021,14,Friday,No,2021-22
20210410,2021-04-10,10,4,April,Q2,2021,14,Saturday,Yes,2021-22
20210411,2021-04-11,11,4,April,Q2,2021,14,Sunday,Yes,2021-22
20210412,2021-04-12,12,4,April,Q2,2021,15,Monday,No,2021-22
20210413,2021-04-13,13,4,April,Q2,2021,15,Tuesday,No,2021-22
20210414,2021-04-14,14,4,April,Q2,2021,15,Wednesday,No,2021-22
20210415,2021-04-15,15,4,April,Q2,2021,15,Thursday,No,2021-22
20210416,2021-04-16,16,4,April,Q2,2021,15,Friday,No,2021-22
20210417,2021-04-17,17,4,April,Q2,2021,15,Saturday,Yes,2021-22
20210418,2021-04-18,18,4,April,Q2,2021,15,Sunday,Yes,2021-22
20210419,2021-04-19,19,4,April,Q2,2021,16,Monday,No,2021-22
20210420,2021-04-20,20,4,April,Q2,2021,16,Tuesday,No,2021-22
20210421,2021-04-21,21,4,April,Q2,2021,16,Wednesday,No,2021-22
20210422,2021-04-22,22,4,April,Q2,2021,16,Thursday,No,2021-22
20210423,2021-04-23,23,4,April,Q2,2021,16,Friday,No,2021-22
20210424,2021-04-24,24,4,April,Q2,2021,16,Saturday,Yes,2021-22
20210425,2021-04-25,25,4,April,Q2,2021,16,Sunday,Yes,2021-22
20210426,2021-04-26,26,4,April,Q2,2021,17,Monday,No,2021-22
20210427,2021-04-27,27,4,April,Q2,2021,17,Tuesday,No,2021-22
20210428,2021-04-28,28,4,April,Q2,2021,17,Wednesday,No,2021-22
20210429,2021-04-29,29,4,April,Q2,2021,17,Thursday,No,2021-22
20210430,2021-04-30,30,4,April,Q2,2021,17,Friday,No,2021-22
20210501,2021-05-01,1,5,May,Q2,2021,17,Saturday,Yes,2021-22
20210502,2021-05-02,2,5,May,Q2,2021,17,Sunday,Yes,2021-22
20210503,2021-05-03,3,5,May,Q2,2021,18,Monday,No,2021-22
20210504,2021-05-04,4,5,May,Q2,2021,18,Tuesday,No,2021-22
20210505,2021-05-05,5,5,May,Q2,2021,18,Wednesday,No,2021-22
20210506,2021-05-06,6,5,May,Q2,2021,18,Thursday,No,2021-22
20210507,2021-05-07,7,5,May,Q2,2021,18,Friday,No,2021-22
20210508,2021-05-08,8,5,May,Q2,2021,18,Saturday,Yes,2021-22
20210509,2021-05-09,9,5,May,Q2,2021,18,Sunday,Yes,2021-22
20210510,2021-05-10,10,5,May,Q2,2021,19,Monday,No,2021-22
20210511,2021-05-11,11,5,May,Q2,2021,19,Tuesday,No,2021-22
20210512,2021-05-12,12,5,May,Q2,2021,19,Wednesday,No,2021-22
20210513,2021-05-13,13,5,May,Q2,2021,19,Thursday,No,2021-22
20210514,2021-05-14,14,5,May,Q2,2021,19,Friday,No,2021-22
20210515,2021-05-15,15,5,May,Q2,2021,19,Saturday,Yes,2021-22
20210516,2021-05-16,16,5,May,Q2,2021,19,Sunday,Yes,2021-22
20210517,2021-05-17,17,5,May,Q2,2021,20,Monday,No,2021-22
20210518,2021-05-18,18,5,May,Q2,2021,20,Tuesday,No,2021-22
20210519,2021-05-19,19,5,May,Q2,2021,20,Wednesday,No,2021-22
20210520,2021-05-20,20,5,May,Q2,2021,20,Thursday,No,2021-22
20210521,2021-05-21,21,5,May,Q2,2021,20,Friday,No,2021-22
20210522,2021-05-22,22,5,May,Q2,2021,20,Saturday,Yes,2021-22
20210523,2021-05-23,23,5,May,Q2,2021,20,Sunday,Yes,2021-22
20210524,2021-05-24,24,5,May,Q2,2021,21,Monday,No,2021-22
20210525,2021-05-25,25,5,May,Q2,2021,21,Tuesday,No,2021-22
20210526,2021-05-26,26,5,May,Q2,2021,21,Wednesday,No,2021-22
20210527,2021-05-27,27,5,May,Q2,2021,21,Thursday,No,2021-22
20210528,2021-05-28,28,5,May,Q2,2021,21,Friday,No,2021-22
20210529,2021-05-29,29,5,May,Q2,2021,21,Saturday,Yes,2021-22
20210530,2021-05-30,30,5,May,Q2,2021,21,Sunday,Yes,2021-22
20210531,2021-05-31,31,5,May,Q2,2021,22,Monday,No,2021-22
20210601,2021-06-01,1,6,June,Q2,2021,22,Tuesday,No,2021-22
20210602,2021-06-02,2,6,June,Q2,2021,22,Wednesday,No,2021-22
20210603,2021-06-03,3,6,June,Q2,2021,22,Thursday,No,2021-22
20210604,2021-06-04,4,6,June,Q2,2021,22,Friday,No,2021-22
20210605,2021-06-05,5,6,June,Q2,2021,22,Saturday,Yes,2021-22
20210606,2021-06-06,6,6,June,Q2,2021,22,Sunday,Yes,2021-22
20210607,2021-06-07,7,6,June,Q2,2021,23,Monday,No,2021-22
20210608,2021-06-08,8,6,June,Q2,2021,23,Tuesday,No,2021-22
20210609,2021-06-09,9,6,June,Q2,2021,23,Wednesday,No,2021-22
20210610,2021-06-10,10,6,June,Q2,2021,23,Thursday,No,2021-22
20210611,2021-06-11,11,6,June,Q2,2021,23,Friday,No,2021-22
20210612,2021-06-12,12,6,June,Q2,2021,23,Saturday,Yes,2021-22
20210613,2021-06-13,13,6,June,Q2,2021,23,Sunday,Yes,2021-22
20210614,2021-06-14,14,6,June,Q2,2021,24,Monday,No,2021-22
20210615,2021-06-15,15,6,June,Q2,2021,24,Tuesday,No,2021-22
20210616,2021-06-16,16,6,June,Q2,2021,24,Wednesday,No,2021-22
20210617,2021-06-17,17,6,June,Q2,2021,24,Thursday,No,2021-22
20210618,2021-06-18,18,6,June,Q2,2021,24,Friday,No,2021-22
20210619,2021-06-19,19,6,June,Q2,2021,24,Saturday,Yes,2021-22
20210620,2021-06-20,20,6,June,Q2,2021,24,Sunday,Yes,2021-22
20210621,2021-06-21,21,6,June,Q2,2021,25,Monday,No,2021-22
20210622,2021-06-22,22,6,June,Q2,2021,25,Tuesday,No,2021-22
20210623,2021-06-23,23,6,June,Q2,2021,25,Wednesday,No,2021-22
20210624,2021-06-24,24,6,June,Q2,2021,25,Thursday,No,2021-22
20210625,2021-06-25,25,6,June,Q2,2021,25,Friday,No,2021-22
20210626,2021-06-26,26,6,June,Q2,2021,25,Saturday,Yes,2021-22
20210627,2021-06-27,27,6,June,Q2,2021,25,Sunday,Yes,2021-22
20210628,2021-06-28,28,6,June,Q2,2021,26,Monday,No,2021-22
20210629,2021-06-29,29,6,June,Q2,2021,26,Tuesday,No,2021-22
20210630,2021-06-30,30,6,June,Q2,2021,26,Wednesday,No,2021-22
20210701,2021-07-01,1,7,July,Q3,2021,26,Thursday,No,2021-22
20210702,2021-07-02,2,7,July,Q3,2021,26,Friday,No,2021-22
20210703,2021-07-03,3,7,July,Q3,2021,26,Saturday,Yes,2021-22
20210704,2021-07-04,4,7,July,Q3,2021,26,Sunday,Yes,2021-22
20210705,2021-07-05,5,7,July,Q3,2021,27,Monday,No,2021-22
20210706,2021-07-06,6,7,July,Q3,2021,27,Tuesday,No,2021-22
20210707,2021-07-07,7,7,July,Q3,2021,27,Wednesday,No,2021-22
20210708,2021-07-08,8,7,July,Q3,2021,27,Thursday,No,2021-22
20210709,2021-07-09,9,7,July,Q3,2021,27,Friday,No,2021-22
20210710,2021-07-10,10,7,July,Q3,2021,27,Saturday,Yes,2021-22
20210711,2021-07-11,11,7,July,Q3,2021,27,Sunday,Yes,2021-22
20210712,2021-07-12,12,7,July,Q3,2021,28,Monday,No,2021-22
20210713,2021-07-13,13,7,July,Q3,2021,28,Tuesday,No,2021-22
20210714,2021-07-14,14,7,July,Q3,2021,28,Wednesday,No,2021-22
20210715,2021-07-15,15,7,July,Q3,2021,28,Thursday,No,2021-22
20210716,2021-07-16,16,7,July,Q3,2021,28,Friday,No,2021-22
20210717,2021-07-17,17,7,July,Q3,2021,28,Saturday,Yes,2021-22
20210718,2021-07-18,18,7,July,Q3,2021,28,Sunday,Yes,2021-22
20210719,2021-07-19,19,7,July,Q3,2021,29,Monday,No,2021-22
20210720,2021-07-20,20,7,July,Q3,2021,29,Tuesday,No,2021-22
20210721,2021-07-21,21,7,July,Q3,2021,29,Wednesday,No,2021-22
20210722,2021-07-22,22,7,July,Q3,2021,29,Thursday,No,2021-22
20210723,2021-07-23,23,7,July,Q3,2021,29,Friday,No,2021-22
20210724,2021-07-24,24,7,July,Q3,2021,29,Saturday,Yes,2021-22
20210725,2021-07-25,25,7,July,Q3,2021,29,Sunday,Yes,2021-22
20210726,2021-07-26,26,7,July,Q3,2021,30,Monday,No,2021-22
20210727,2021-07-27,27,7,July,Q3,2021,30,Tuesday,No,2021-22
20210728,2021-07-28,28,7,July,Q3,2021,30,Wednesday,No,2021-22
20210729,2021-07-29,29,7,July,Q3,2021,30,Thursday,No,2021-22
20210730,2021-07-30,30,7,July,Q3,2021,30,Friday,No,2021-22
20210731,2021-07-31,31,7,July,Q3,2021,30,Saturday,Yes,2021-22
20210801,2021-08-01,1,8,August,Q3,2021,30,Sunday,Yes,2021-22
20210802,2021-08-02,2,8,August,Q3,2021,31,Monday,No,2021-22
20210803,2021-08-03,3,8,August,Q3,2021,31,Tuesday,No,2021-22
20210804,2021-08-04,4,8,August,Q3,2021,31,Wednesday,No,2021-22
20210805,2021-08-05,5,8,August,Q3,2021,31,Thursday,No,2021-22
20210806,2021-08-06,6,8,August,Q3,2021,31,Friday,No,2021-22
20210807,2021-08-07,7,8,August,Q3,2021,31,Saturday,Yes,2021-22
20210808,2021-08-08,8,8,August,Q3,2021,31,Sunday,Yes,2021-22
20210809,2021-08-09,9,8,August,Q3,2021,32,Monday,No,2021-22
20210810,2021-08-10,10,8,August,Q3,2021,32,Tuesday,No,2021-22
20210811,2021-08-11,11,8,August,Q3,2021,32,Wednesday,No,2021-22
20210812,2021-08-12,12,8,August,Q3,2021,32,Thursday,No,2021-22
20210813,2021-08-13,13,8,August,Q3,2021,32,Friday,No,2021-22
20210814,2021-08-14,14,8,August,Q3,2021,32,Saturday,Yes,2021-22
20210815,2021-08-15,15,8,August,Q3,2021,32,Sunday,Yes,2021-22
20210816,2021-08-16,16,8,August,Q3,2021,33,Monday,No,2021-22
20210817,2021-08-17,17,8,August,Q3,2021,33,Tuesday,No,2021-22
20210818,2021-08-18,18,8,August,Q3,2021,33,Wednesday,No,2021-22
20210819,2021-08-19,19,8,August,Q3,2021,33,Thursday,No,2021-22
20210820,2021-08-20,20,8,August,Q3,2021,33,Friday,No,2021-22
20210821,2021-08-21,21,8,August,Q3,2021,33,Saturday,Yes,2021-22
20210822,2021-08-22,22,8,August,Q3,2021,33,Sunday,Yes,2021-22
20210823,2021-08-23,23,8,August,Q3,2021,34,Monday,No,2021-22
20210824,2021-08-24,24,8,August,Q3,2021,34,Tuesday,No,2021-22
20210825,2021-08-25,25,8,August,Q3,2021,34,Wednesday,No,2021-22
20210826,2021-08-26,26,8,August,Q3,2021,34,Thursday,No,2021-22
20210827,2021-08-27,27,8,August,Q3,2021,34,Friday,No,2021-22
20210828,2021-08-28,28,8,August,Q3,2021,34,Saturday,Yes,2021-22
20210829,2021-08-29,29,8,August,Q3,2021,34,Sunday,Yes,2021-22
20210830,2021-08-30,30,8,August,Q3,2021,35,Monday,No,2021-22
20210831,2021-08-31,31,8,August,Q3,2021,35,Tuesday,No,2021-22
20210901,2021-09-01,1,9,September,Q3,2021,35,Wednesday,No,2021-22
20210902,2021-09-02,2,9,September,Q3,2021,35,Thursday,No,2021-22
20210903,2021-09-03,3,9,September,Q3,2021,35,Friday,No,2021-22
20210904,2021-09-04,4,9,September,Q3,2021,35,Saturday,Yes,2021-22
20210905,2021-09-05,5,9,September,Q3,2021,35,Sunday,Yes,2021-22
20210906,2021-09-06,6,9,September,Q3,2021,36,Monday,No,2021-22
20210907,2021-09-07,7,9,September,Q3,2021,36,Tuesday,No,2021-22
20210908,2021-09-08,8,9,September,Q3,2021,36,Wednesday,No,2021-22
20210909,2021-09-09,9,9,September,Q3,2021,36,Thursday,No,2021-22
20210910,2021-09-10,10,9,September,Q3,2021,36,Friday,No,2021-22
20210911,2021-09-11,11,9,September,Q3,2021,36,Saturday,Yes,2021-22
20210912,2021-09-12,12,9,September,Q3,2021,36,Sunday,Yes,2021-22
20210913,2021-09-13,13,9,September,Q3,2021,37,Monday,No,2021-22
20210914,2021-09-14,14,9,September,Q3,2021,37,Tuesday,No,2021-22
20210915,2021-09-15,15,9,September,Q3,2021,37,Wednesday,No,2021-22
20210916,2021-09-16,16,9,September,Q3,2021,37,Thursday,No,2021-22
20210917,2021-09-17,17,9,September,Q3,2021,37,Friday,No,2021-22
20210918,2021-09-18,18,9,September,Q3,2021,37,Saturday,Yes,2021-22
20210919,2021-09-19,19,9,September,Q3,2021,37,Sunday,Yes,2021-22
20210920,2021-09-20,20,9,September,Q3,2021,38,Monday,No,2021-22
20210921,2021-09-21,21,9,September,Q3,2021,38,Tuesday,No,2021-22
20210922,2021-09-22,22,9,September,Q3,2021,38,Wednesday,No,2021-22
20210923,2021-09-23,23,9,September,Q3,2021,38,Thursday,No,2021-22
20210924,2021-09-24,24,9,September,Q3,2021,38,Friday,No,2021-22
20210925,2021-09-25,25,9,September,Q3,2021,38,Saturday,Yes,2021-22
20210926,2021-09-26,26,9,September,Q3,2021,38,Sunday,Yes,2021-22
20210927,2021-09-27,27,9,September,Q3,2021,39,Monday,No,2021-22
20210928,2021-09-28,28,9,September,Q3,2021,39,Tuesday,No,2021-22
20210929,2021-09-29,29,9,September,Q3,2021,39,Wednesday,No,2021-22
20210930,2021-09-30,30,9,September,Q3,2021,39,Thursday,No,2021-22
20211001,2021-10-01,1,10,October,Q4,2021,39,Friday,No,2021-22
20211002,2021-10-02,2,10,October,Q4,2021,39,Saturday,Yes,2021-22
20211003,2021-10-03,3,10,October,Q4,2021,39,Sunday,Yes,2021-22
20211004,2021-10-04,4,10,October,Q4,2021,40,Monday,No,2021-22
20211005,2021-10-05,5,10,October,Q4,2021,40,Tuesday,No,2021-22
20211006,2021-10-06,6,10,October,Q4,2021,40,Wednesday,No,2021-22
20211007,2021-10-07,7,10,October,Q4,2021,40,Thursday,No,2021-22
20211008,2021-10-08,8,10,October,Q4,2021,40,Friday,No,2021-22
20211009,2021-10-09,9,10,October,Q4,2021,40,Saturday,Yes,2021-22
20211010,2021-10-10,10,10,October,Q4,2021,40,Sunday,Yes,2021-22
20211011,2021-10-11,11,10,October,Q4,2021,41,Monday,No,2021-22
20211012,2021-10-12,12,10,October,Q4,2021,41,Tuesday,No,2021-22
20211013,2021-10-13,13,10,October,Q4,2021,41,Wednesday,No,2021-22
20211014,2021-10-14,14,10,October,Q4,2021,41,Thursday,No,2021-22
20211015,2021-10-15,15,10,October,Q4,2021,41,Friday,No,2021-22
20211016,2021-10-16,16,10,October,Q4,2021,41,Saturday,Yes,2021-22
20211017,2021-10-17,17,10,October,Q4,2021,41,Sunday,Yes,2021-22
20211018,2021-10-18,18,10,October,Q4,2021,42,Monday,No,2021-22
20211019,2021-10-19,19,10,October,Q4,2021,42,Tuesday,No,2021-22
20211020,2021-10-20,20,10,October,Q4,2021,42,Wednesday,No,2021-22
20211021,2021-10-21,21,10,October,Q4,2021,42,Thursday,No,2021-22
20211022,2021-10-22,22,10,October,Q4,2021,42,Friday,No,2021-22
20211023,2021-10-23,23,10,October,Q4,2021,42,Saturday,Yes,2021-22
20211024,2021-10-24,24,10,October,Q4,2021,42,Sunday,Yes,2021-22
20211025,2021-10-25,25,10,October,Q4,2021,43,Monday,No,2021-22
20211026,2021-10-26,26,10,October,Q4,2021,43,Tuesday,No,2021-22
20211027,2021-10-27,27,10,October,Q4,2021,43,Wednesday,No,2021-22
20211028,2021-10-28,28,10,October,Q4,2021,43,Thursday,No,2021-22
20211029,2021-10-29,29,10,October,Q4,2021,43,Friday,No,2021-22
20211030,2021-10-30,30,10,October,Q4,2021,43,Saturday,Yes,2021-22
20211031,2021-10-31,31,10,October,Q4,2021,43,Sunday,Yes,2021-22
20211101,2021-11-01,1,11,November,Q4,2021,44,Monday,No,2021-22
20211102,2021-11-02,2,11,November,Q4,2021,44,Tuesday,No,2021-22
20211103,2021-11-03,3,11,November,Q4,2021,44,Wednesday,No,2021-22
20211104,2021-11-04,4,11,November,Q4,2021,44,Thursday,No,2021-22
20211105,2021-11-05,5,11,November,Q4,2021,44,Friday,No,2021-22
20211106,2021-11-06,6,11,November,Q4,2021,44,Saturday,Yes,2021-22
20211107,2021-11-07,7,11,November,Q4,2021,44,Sunday,Yes,2021-22
20211108,2021-11-08,8,11,November,Q4,2021,45,Monday,No,2021-22
20211109,2021-11-09,9,11,November,Q4,2021,45,Tuesday,No,2021-22
20211110,2021-11-10,10,11,November,Q4,2021,45,Wednesday,No,2021-22
20211111,2021-11-11,11,11,November,Q4,2021,45,Thursday,No,2021-22
20211112,2021-11-12,12,11,November,Q4,2021,45,Friday,No,2021-22
20211113,2021-11-13,13,11,November,Q4,2021,45,Saturday,Yes,2021-22
20211114,2021-11-14,14,11,November,Q4,2021,45,Sunday,Yes,2021-22
20211115,2021-11-15,15,11,November,Q4,2021,46,Monday,No,2021-22
20211116,2021-11-16,16,11,November,Q4,2021,46,Tuesday,No,2021-22
20211117,2021-11-17,17,11,November,Q4,2021,46,Wednesday,No,2021-22
20211118,2021-11-18,18,11,November,Q4,2021,46,Thursday,No,2021-22
20211119,2021-11-19,19,11,November,Q4,2021,46,Friday,No,2021-22
20211120,2021-11-20,20,11,November,Q4,2021,46,Saturday,Yes,2021-22
20211121,2021-11-21,21,11,November,Q4,2021,46,Sunday,Yes,2021-22
20211122,2021-11-22,22,11,November,Q4,2021,47,Monday,No,2021-22
20211123,2021-11-23,23,11,November,Q4,2021,47,Tuesday,No,2021-22
20211124,2021-11-24,24,11,November,Q4,2021,47,Wednesday,No,2021-22
20211125,2021-11-25,25,11,November,Q4,2021,47,Thursday,No,2021-22
20211126,2021-11-26,26,11,November,Q4,2021,47,Friday,No,2021-22
20211127,2021-11-27,27,11,November,Q4,2021,47,Saturday,Yes,2021-22
20211128,2021-11-28,28,11,November,Q4,2021,47,Sunday,Yes,2021-22
20211129,2021-11-29,29,11,November,Q4,2021,48,Monday,No,2021-22
20211130,2021-11-30,30,11,November,Q4,2021,48,Tuesday,No,2021-22
20211201,2021-12-01,1,12,December,Q4,2021,48,Wednesday,No,2021-22
20211202,2021-12-02,2,12,December,Q4,2021,48,Thursday,No,2021-22
20211203,2021-12-03,3,12,December,Q4,2021,48,Friday,No,2021-22
20211204,2021-12-04,4,12,December,Q4,2021,48,Saturday,Yes,2021-22
20211205,2021-12-05,5,12,December,Q4,2021,48,Sunday,Yes,2021-22
20211206,2021-12-06,6,12,December,Q4,2021,49,Monday,No,2021-22
20211207,2021-12-07,7,12,December,Q4,2021,49,Tuesday,No,2021-22
20211208,2021-12-08,8,12,December,Q4,2021,49,Wednesday,No,2021-22
20211209,2021-12-09,9,12,December,Q4,2021,49,Thursday,No,2021-22
20211210,2021-12-10,10,12,December,Q4,2021,49,Friday,No,2021-22
20211211,2021-12-11,11,12,December,Q4,2021,49,Saturday,Yes,2021-22
20211212,2021-12-12,12,12,December,Q4,2021,49,Sunday,Yes,2021-22
20211213,2021-12-13,13,12,December,Q4,2021,50,Monday,No,2021-22
20211214,2021-12-14,14,12,December,Q4,2021,50,Tuesday,No,2021-22
20211215,2021-12-15,15,12,December,Q4,2021,50,Wednesday,No,2021-22
20211216,2021-12-16,16,12,December,Q4,2021,50,Thursday,No,2021-22
20211217,2021-12-17,17,12,December,Q4,2021,50,Friday,No,2021-22
20211218,2021-12-18,18,12,December,Q4,2021,50,Saturday,Yes,2021-22
20211219,2021-12-19,19,12,December,Q4,2021,50,Sunday,Yes,2021-22
20211220,2021-12-20,20,12,December,Q4,2021,51,Monday,No,2021-22
20211221,2021-12-21,21,12,December,Q4,2021,51,Tuesday,No,2021-22
20211222,2021-12-22,22,12,December,Q4,2021,51,Wednesday,No,2021-22
20211223,2021-12-23,23,12,December,Q4,2021,51,Thursday,No,2021-22
20211224,2021-12-24,24,12,December,Q4,2021,51,Friday,No,2021-22
20211225,2021-12-25,25,12,December,Q4,2021,51,Saturday,Yes,2021-22
20211226,2021-12-26,26,12,December,Q4,2021,51,Sunday,Yes,2021-22
20211227,2021-12-27,27,12,December,Q4,2021,52,Monday,No,2021-22
20211228,2021-12-28,28,12,December,Q4,2021,52,Tuesday,No,2021-22
20211229,2021-12-29,29,12,December,Q4,2021,52,Wednesday,No,2021-22
20211230,2021-12-30,30,12,December,Q4,2021,52,Thursday,No,2021-22
20211231,2021-12-31,31,12,December,Q4,2021,52,Friday,No,2021-22
20220101,2022-01-01,1,1,January,Q1,2022,52,Saturday,Yes,2021-22
20220102,2022-01-02,2,1,January,Q1,2022,52,Sunday,Yes,2021-22
20220103,2022-01-03,3,1,January,Q1,2022,1,Monday,No,2021-22
20220104,2022-01-04,4,1,January,Q1,2022,1,Tuesday,No,2021-22
20220105,2022-01-05,5,1,January,Q1,2022,1,Wednesday,No,2021-22
20220106,2022-01-06,6,1,January,Q1,2022,1,Thursday,No,2021-22
20220107,2022-01-07,7,1,January,Q1,2022,1,Friday,No,2021-22
20220108,2022-01-08,8,1,January,Q1,2022,1,Saturday,Yes,2021-22
20220109,2022-01-09,9,1,January,Q1,2022,1,Sunday,Yes,2021-22
20220110,2022-01-10,10,1,January,Q1,2022,2,Monday,No,2021-22
20220111,2022-01-11,11,1,January,Q1,2022,2,Tuesday,No,2021-22
20220112,2022-01-12,12,1,January,Q1,2022,2,Wednesday,No,2021-22
20220113,2022-01-13,13,1,January,Q1,2022,2,Thursday,No,2021-22
20220114,2022-01-14,14,1,January,Q1,2022,2,Friday,No,2021-22
20220115,2022-01-15,15,1,January,Q1,2022,2,Saturday,Yes,2021-22
20220116,2022-01-16,16,1,January,Q1,2022,2,Sunday,Yes,2021-22
20220117,2022-01-17,17,1,January,Q1,2022,3,Monday,No,2021-22
20220118,2022-01-18,18,1,January,Q1,2022,3,Tuesday,No,2021-22
20220119,2022-01-19,19,1,January,Q1,2022,3,Wednesday,No,2021-22
20220120,2022-01-20,20,1,January,Q1,2022,3,Thursday,No,2021-22
20220121,2022-01-21,21,1,January,Q1,2022,3,Friday,No,2021-22
20220122,2022-01-22,22,1,January,Q1,2022,3,Saturday,Yes,2021-22
20220123,2022-01-23,23,1,January,Q1,2022,3,Sunday,Yes,2021-22
20220124,2022-01-24,24,1,January,Q1,2022,4,Monday,No,2021-22
20220125,2022-01-25,25,1,January,Q1,2022,4,Tuesday,No,2021-22
20220126,2022-01-26,26,1,January,Q1,2022,4,Wednesday,No,2021-22
20220127,2022-01-27,27,1,January,Q1,2022,4,Thursday,No,2021-22
20220128,2022-01-28,28,1,January,Q1,2022,4,Friday,No,2021-22
20220129,2022-01-29,29,1,January,Q1,2022,4,Saturday,Yes,2021-22
20220130,2022-01-30,30,1,January,Q1,2022,4,Sunday,Yes,2021-22
20220131,2022-01-31,31,1,January,Q1,2022,5,Monday,No,2021-22
20220201,2022-02-01,1,2,February,Q1,2022,5,Tuesday,No,2021-22
20220202,2022-02-02,2,2,February,Q1,2022,5,Wednesday,No,2021-22
20220203,2022-02-03,3,2,February,Q1,2022,5,Thursday,No,2021-22
20220204,2022-02-04,4,2,February,Q1,2022,5,Friday,No,2021-22
20220205,2022-02-05,5,2,February,Q1,2022,5,Saturday,Yes,2021-22
20220206,2022-02-06,6,2,February,Q1,2022,5,Sunday,Yes,2021-22
20220207,2022-02-07,7,2,February,Q1,2022,6,Monday,No,2021-22
20220208,2022-02-08,8,2,February,Q1,2022,6,Tuesday,No,2021-22
20220209,2022-02-09,9,2,February,Q1,2022,6,Wednesday,No,2021-22
20220210,2022-02-10,10,2,February,Q1,2022,6,Thursday,No,2021-22
20220211,2022-02-11,11,2,February,Q1,2022,6,Friday,No,2021-22
20220212,2022-02-12,12,2,February,Q1,2022,6,Saturday,Yes,2021-22
20220213,2022-02-13,13,2,February,Q1,2022,6,Sunday,Yes,2021-22
20220214,2022-02-14,14,2,February,Q1,2022,7,Monday,No,2021-22
20220215,2022-02-15,15,2,February,Q1,2022,7,Tuesday,No,2021-22
20220216,2022-02-16,16,2,February,Q1,2022,7,Wednesday,No,2021-22
20220217,2022-02-17,17,2,February,Q1,2022,7,Thursday,No,2021-22
20220218,2022-02-18,18,2,February,Q1,2022,7,Friday,No,2021-22
20220219,2022-02-19,19,2,February,Q1,2022,7,Saturday,Yes,2021-22
20220220,2022-02-20,20,2,February,Q1,2022,7,Sunday,Yes,2021-22
20220221,2022-02-21,21,2,February,Q1,2022,8,Monday,No,2021-22
20220222,2022-02-22,22,2,February,Q1,2022,8,Tuesday,No,2021-22
20220223,2022-02-23,23,2,February,Q1,2022,8,Wednesday,No,2021-22
20220224,2022-02-24,24,2,February,Q1,2022,8,Thursday,No,2021-22
20220225,2022-02-25,25,2,February,Q1,2022,8,Friday,No,2021-22
20220226,2022-02-26,26,2,February,Q1,2022,8,Saturday,Yes,2021-22
20220227,2022-02-27,27,2,February,Q1,2022,8,Sunday,Yes,2021-22
20220228,2022-02-28,28,2,February,Q1,2022,9,Monday,No,2021-22
20220301,2022-03-01,1,3,March,Q1,2022,9,Tuesday,No,2021-22
20220302,2022-03-02,2,3,March,Q1,2022,9,Wednesday,No,2021-22
20220303,2022-03-03,3,3,March,Q1,2022,9,Thursday,No,2021-22
20220304,2022-03-04,4,3,March,Q1,2022,9,Friday,No,2021-22
20220305,2022-03-05,5,3,March,Q1,2022,9,Saturday,Yes,2021-22
20220306,2022-03-06,6,3,March,Q1,2022,9,Sunday,Yes,2021-22
20220307,2022-03-07,7,3,March,Q1,2022,10,Monday,No,2021-22
20220308,2022-03-08,8,3,March,Q1,2022,10,Tuesday,No,2021-22
20220309,2022-03-09,9,3,March,Q1,2022,10,Wednesday,No,2021-22
20220310,2022-03-10,10,3,March,Q1,2022,10,Thursday,No,2021-22
20220311,2022-03-11,11,3,March,Q1,2022,10,Friday,No,2021-22
20220312,2022-03-12,12,3,March,Q1,2022,10,Saturday,Yes,2021-22
20220313,2022-03-13,13,3,March,Q1,2022,10,Sunday,Yes,2021-22
20220314,2022-03-14,14,3,March,Q1,2022,11,Monday,No,2021-22
20220315,2022-03-15,15,3,March,Q1,2022,11,Tuesday,No,2021-22
20220316,2022-03-16,16,3,March,Q1,2022,11,Wednesday,No,2021-22
20220317,2022-03-17,17,3,March,Q1,2022,11,Thursday,No,2021-22
20220318,2022-03-18,18,3,March,Q1,2022,11,Friday,No,2021-22
20220319,2022-03-19,19,3,March,Q1,2022,11,Saturday,Yes,2021-22
20220320,2022-03-20,20,3,March,Q1,2022,11,Sunday,Yes,2021-22
20220321,2022-03-21,21,3,March,Q1,2022,12,Monday,No,2021-22
20220322,2022-03-22,22,3,March,Q1,2022,12,Tuesday,No,2021-22
20220323,2022-03-23,23,3,March,Q1,2022,12,Wednesday,No,2021-22
20220324,2022-03-24,24,3,March,Q1,2022,12,Thursday,No,2021-22
20220325,2022-03-25,25,3,March,Q1,2022,12,Friday,No,2021-22
20220326,2022-03-26,26,3,March,Q1,2022,12,Saturday,Yes,2021-22
20220327,2022-03-27,27,3,March,Q1,2022,12,Sunday,Yes,2021-22
20220328,2022-03-28,28,3,March,Q1,2022,13,Monday,No,2021-22
20220329,2022-03-29,29,3,March,Q1,2022,13,Tuesday,No,2021-22
20220330,2022-03-30,30,3,March,Q1,2022,13,Wednesday,No,2021-22
20220331,2022-03-31,31,3,March,Q1,2022,13,Thursday,No,2021-22
20220401,2022-04-01,1,4,April,Q2,2022,13,Friday,No,2022-23
20220402,2022-04-02,2,4,April,Q2,2022,13,Saturday,Yes,2022-23
20220403,2022-04-03,3,4,April,Q2,2022,13,Sunday,Yes,2022-23
20220404,2022-04-04,4,4,April,Q2,2022,14,Monday,No,2022-23
20220405,2022-04-05,5,4,April,Q2,2022,14,Tuesday,No,2022-23
20220406,2022-04-06,6,4,April,Q2,2022,14,Wednesday,No,2022-23
20220407,2022-04-07,7,4,April,Q2,2022,14,Thursday,No,2022-23
20220408,2022-04-08,8,4,April,Q2,2022,14,Friday,No,2022-23
20220409,2022-04-09,9,4,April,Q2,2022,14,Saturday,Yes,2022-23
20220410,2022-04-10,10,4,April,Q2,2022,14,Sunday,Yes,2022-23
20220411,2022-04-11,11,4,April,Q2,2022,15,Monday,No,2022-23
20220412,2022-04-12,12,4,April,Q2,2022,15,Tuesday,No,2022-23
20220413,2022-04-13,13,4,April,Q2,2022,15,Wednesday,No,2022-23
20220414,2022-04-14,14,4,April,Q2,2022,15,Thursday,No,2022-23
20220415,2022-04-15,15,4,April,Q2,2022,15,Friday,No,2022-23
20220416,2022-04-16,16,4,April,Q2,2022,15,Saturday,Yes,2022-23
20220417,2022-04-17,17,4,April,Q2,2022,15,Sunday,Yes,2022-23
20220418,2022-04-18,18,4,April,Q2,2022,16,Monday,No,2022-23
20220419,2022-04-19,19,4,April,Q2,2022,16,Tuesday,No,2022-23
20220420,2022-04-20,20,4,April,Q2,2022,16,Wednesday,No,2022-23
20220421,2022-04-21,21,4,April,Q2,2022,16,Thursday,No,2022-23
20220422,2022-04-22,22,4,April,Q2,2022,16,Friday,No,2022-23
20220423,2022-04-23,23,4,April,Q2,2022,16,Saturday,Yes,2022-23
20220424,2022-04-24,24,4,April,Q2,2022,16,Sunday,Yes,2022-23
20220425,2022-04-25,25,4,April,Q2,2022,17,Monday,No,2022-23
20220426,2022-04-26,26,4,April,Q2,2022,17,Tuesday,No,2022-23
20220427,2022-04-27,27,4,April,Q2,2022,17,Wednesday,No,2022-23
20220428,2022-04-28,28,4,April,Q2,2022,17,Thursday,No,2022-23
20220429,2022-04-29,29,4,April,Q2,2022,17,Friday,No,2022-23
20220430,2022-04-30,30,4,April,Q2,2022,17,Saturday,Yes,2022-23
20220501,2022-05-01,1,5,May,Q2,2022,17,Sunday,Yes,2022-23
20220502,2022-05-02,2,5,May,Q2,2022,18,Monday,No,2022-23
20220503,2022-05-03,3,5,May,Q2,2022,18,Tuesday,No,2022-23
20220504,2022-05-04,4,5,May,Q2,2022,18,Wednesday,No,2022-23
20220505,2022-05-05,5,5,May,Q2,2022,18,Thursday,No,2022-23
20220506,2022-05-06,6,5,May,Q2,2022,18,Friday,No,2022-23
20220507,2022-05-07,7,5,May,Q2,2022,18,Saturday,Yes,2022-23
20220508,2022-05-08,8,5,May,Q2,2022,18,Sunday,Yes,2022-23
20220509,2022-05-09,9,5,May,Q2,2022,19,Monday,No,2022-23
20220510,2022-05-10,10,5,May,Q2,2022,19,Tuesday,No,2022-23
20220511,2022-05-11,11,5,May,Q2,2022,19,Wednesday,No,2022-23
20220512,2022-05-12,12,5,May,Q2,2022,19,Thursday,No,2022-23
20220513,2022-05-13,13,5,May,Q2,2022,19,Friday,No,2022-23
20220514,2022-05-14,14,5,May,Q2,2022,19,Saturday,Yes,2022-23
20220515,2022-05-15,15,5,May,Q2,2022,19,Sunday,Yes,2022-23
20220516,2022-05-16,16,5,May,Q2,2022,20,Monday,No,2022-23
20220517,2022-05-17,17,5,May,Q2,2022,20,Tuesday,No,2022-23
20220518,2022-05-18,18,5,May,Q2,2022,20,Wednesday,No,2022-23
20220519,2022-05-19,19,5,May,Q2,2022,20,Thursday,No,2022-23
20220520,2022-05-20,20,5,May,Q2,2022,20,Friday,No,2022-23
20220521,2022-05-21,21,5,May,Q2,2022,20,Saturday,Yes,2022-23
20220522,2022-05-22,22,5,May,Q2,2022,20,Sunday,Yes,2022-23
20220523,2022-05-23,23,5,May,Q2,2022,21,Monday,No,2022-23
20220524,2022-05-24,24,5,May,Q2,2022,21,Tuesday,No,2022-23
20220525,2022-05-25,25,5,May,Q2,2022,21,Wednesday,No,2022-23
20220526,2022-05-26,26,5,May,Q2,2022,21,Thursday,No,2022-23
20220527,2022-05-27,27,5,May,Q2,2022,21,Friday,No,2022-23
20220528,2022-05-28,28,5,May,Q2,2022,21,Saturday,Yes,2022-23
20220529,2022-05-29,29,5,May,Q2,2022,21,Sunday,Yes,2022-23
20220530,2022-05-30,30,5,May,Q2,2022,22,Monday,No,2022-23
20220531,2022-05-31,31,5,May,Q2,2022,22,Tuesday,No,2022-23
20220601,2022-06-01,1,6,June,Q2,2022,22,Wednesday,No,2022-23
20220602,2022-06-02,2,6,June,Q2,2022,22,Thursday,No,2022-23
20220603,2022-06-03,3,6,June,Q2,2022,22,Friday,No,2022-23
20220604,2022-06-04,4,6,June,Q2,2022,22,Saturday,Yes,2022-23
20220605,2022-06-05,5,6,June,Q2,2022,22,Sunday,Yes,2022-23
20220606,2022-06-06,6,6,June,Q2,2022,23,Monday,No,2022-23
20220607,2022-06-07,7,6,June,Q2,2022,23,Tuesday,No,2022-23
20220608,2022-06-08,8,6,June,Q2,2022,23,Wednesday,No,2022-23
20220609,2022-06-09,9,6,June,Q2,2022,23,Thursday,No,2022-23
20220610,2022-06-10,10,6,June,Q2,2022,23,Friday,No,2022-23
20220611,2022-06-11,11,6,June,Q2,2022,23,Saturday,Yes,2022-23
20220612,2022-06-12,12,6,June,Q2,2022,23,Sunday,Yes,2022-23
20220613,2022-06-13,13,6,June,Q2,2022,24,Monday,No,2022-23
20220614,2022-06-14,14,6,June,Q2,2022,24,Tuesday,No,2022-23
20220615,2022-06-15,15,6,June,Q2,2022,24,Wednesday,No,2022-23
20220616,2022-06-16,16,6,June,Q2,2022,24,Thursday,No,2022-23
20220617,2022-06-17,17,6,June,Q2,2022,24,Friday,No,2022-23
20220618,2022-06-18,18,6,June,Q2,2022,24,Saturday,Yes,2022-23
20220619,2022-06-19,19,6,June,Q2,2022,24,Sunday,Yes,2022-23
20220620,2022-06-20,20,6,June,Q2,2022,25,Monday,No,2022-23
20220621,2022-06-21,21,6,June,Q2,2022,25,Tuesday,No,2022-23
20220622,2022-06-22,22,6,June,Q2,2022,25,Wednesday,No,2022-23
20220623,2022-06-23,23,6,June,Q2,2022,25,Thursday,No,2022-23
20220624,2022-06-24,24,6,June,Q2,2022,25,Friday,No,2022-23
20220625,2022-06-25,25,6,June,Q2,2022,25,Saturday,Yes,2022-23
20220626,2022-06-26,26,6,June,Q2,2022,25,Sunday,Yes,2022-23
20220627,2022-06-27,27,6,June,Q2,2022,26,Monday,No,2022-23
20220628,2022-06-28,28,6,June,Q2,2022,26,Tuesday,No,2022-23
20220629,2022-06-29,29,6,June,Q2,2022,26,Wednesday,No,2022-23
20220630,2022-06-30,30,6,June,Q2,2022,26,Thursday,No,2022-23
20220701,2022-07-01,1,7,July,Q3,2022,26,Friday,No,2022-23
20220702,2022-07-02,2,7,July,Q3,2022,26,Saturday,Yes,2022-23
20220703,2022-07-03,3,7,July,Q3,2022,26,Sunday,Yes,2022-23
20220704,2022-07-04,4,7,July,Q3,2022,27,Monday,No,2022-23
20220705,2022-07-05,5,7,July,Q3,2022,27,Tuesday,No,2022-23
20220706,2022-07-06,6,7,July,Q3,2022,27,Wednesday,No,2022-23
20220707,2022-07-07,7,7,July,Q3,2022,27,Thursday,No,2022-23
20220708,2022-07-08,8,7,July,Q3,2022,27,Friday,No,2022-23
20220709,2022-07-09,9,7,July,Q3,2022,27,Saturday,Yes,2022-23
20220710,2022-07-10,10,7,July,Q3,2022,27,Sunday,Yes,2022-23
20220711,2022-07-11,11,7,July,Q3,2022,28,Monday,No,2022-23
20220712,2022-07-12,12,7,July,Q3,2022,28,Tuesday,No,2022-23
20220713,2022-07-13,13,7,July,Q3,2022,28,Wednesday,No,2022-23
20220714,2022-07-14,14,7,July,Q3,2022,28,Thursday,No,2022-23
20220715,2022-07-15,15,7,July,Q3,2022,28,Friday,No,2022-23
20220716,2022-07-16,16,7,July,Q3,2022,28,Saturday,Yes,2022-23
20220717,2022-07-17,17,7,July,Q3,2022,28,Sunday,Yes,2022-23
20220718,2022-07-18,18,7,July,Q3,2022,29,Monday,No,2022-23
20220719,2022-07-19,19,7,July,Q3,2022,29,Tuesday,No,2022-23
20220720,2022-07-20,20,7,July,Q3,2022,29,Wednesday,No,2022-23
20220721,2022-07-21,21,7,July,Q3,2022,29,Thursday,No,2022-23
20220722,2022-07-22,22,7,July,Q3,2022,29,Friday,No,2022-23
20220723,2022-07-23,23,7,July,Q3,2022,29,Saturday,Yes,2022-23
20220724,2022-07-24,24,7,July,Q3,2022,29,Sunday,Yes,2022-23
20220725,2022-07-25,25,7,July,Q3,2022,30,Monday,No,2022-23
20220726,2022-07-26,26,7,July,Q3,2022,30,Tuesday,No,2022-23
20220727,2022-07-27,27,7,July,Q3,2022,30,Wednesday,No,2022-23
20220728,2022-07-28,28,7,July,Q3,2022,30,Thursday,No,2022-23
20220729,2022-07-29,29,7,July,Q3,2022,30,Friday,No,2022-23
20220730,2022-07-30,30,7,July,Q3,2022,30,Saturday,Yes,2022-23
20220731,2022-07-31,31,7,July,Q3,2022,30,Sunday,Yes,2022-23
20220801,2022-08-01,1,8,August,Q3,2022,31,Monday,No,2022-23
20220802,2022-08-02,2,8,August,Q3,2022,31,Tuesday,No,2022-23
20220803,2022-08-03,3,8,August,Q3,2022,31,Wednesday,No,2022-23
20220804,2022-08-04,4,8,August,Q3,2022,31,Thursday,No,2022-23
20220805,2022-08-05,5,8,August,Q3,2022,31,Friday,No,2022-23
20220806,2022-08-06,6,8,August,Q3,2022,31,Saturday,Yes,2022-23
20220807,2022-08-07,7,8,August,Q3,2022,31,Sunday,Yes,2022-23
20220808,2022-08-08,8,8,August,Q3,2022,32,Monday,No,2022-23
20220809,2022-08-09,9,8,August,Q3,2022,32,Tuesday,No,2022-23
20220810,2022-08-10,10,8,August,Q3,2022,32,Wednesday,No,2022-23
20220811,2022-08-11,11,8,August,Q3,2022,32,Thursday,No,2022-23
20220812,2022-08-12,12,8,August,Q3,2022,32,Friday,No,2022-23
20220813,2022-08-13,13,8,August,Q3,2022,32,Saturday,Yes,2022-23
20220814,2022-08-14,14,8,August,Q3,2022,32,Sunday,Yes,2022-23
20220815,2022-08-15,15,8,August,Q3,2022,33,Monday,No,2022-23
20220816,2022-08-16,16,8,August,Q3,2022,33,Tuesday,No,2022-23
20220817,2022-08-17,17,8,August,Q3,2022,33,Wednesday,No,2022-23
20220818,2022-08-18,18,8,August,Q3,2022,33,Thursday,No,2022-23
20220819,2022-08-19,19,8,August,Q3,2022,33,Friday,No,2022-23
20220820,2022-08-20,20,8,August,Q3,2022,33,Saturday,Yes,2022-23
20220821,2022-08-21,21,8,August,Q3,2022,33,Sunday,Yes,2022-23
20220822,2022-08-22,22,8,August,Q3,2022,34,Monday,No,2022-23
20220823,2022-08-23,23,8,August,Q3,2022,34,Tuesday,No,2022-23
20220824,2022-08-24,24,8,August,Q3,2022,34,Wednesday,No,2022-23
20220825,2022-08-25,25,8,August,Q3,2022,34,Thursday,No,2022-23
20220826,2022-08-26,26,8,August,Q3,2022,34,Friday,No,2022-23
20220827,2022-08-27,27,8,August,Q3,2022,34,Saturday,Yes,2022-23
20220828,2022-08-28,28,8,August,Q3,2022,34,Sunday,Yes,2022-23
20220829,2022-08-29,29,8,August,Q3,2022,35,Monday,No,2022-23
20220830,2022-08-30,30,8,August,Q3,2022,35,Tuesday,No,2022-23
20220831,2022-08-31,31,8,August,Q3,2022,35,Wednesday,No,2022-23
20220901,2022-09-01,1,9,September,Q3,2022,35,Thursday,No,2022-23
20220902,2022-09-02,2,9,September,Q3,2022,35,Friday,No,2022-23
20220903,2022-09-03,3,9,September,Q3,2022,35,Saturday,Yes,2022-23
20220904,2022-09-04,4,9,September,Q3,2022,35,Sunday,Yes,2022-23
20220905,2022-09-05,5,9,September,Q3,2022,36,Monday,No,2022-23
20220906,2022-09-06,6,9,September,Q3,2022,36,Tuesday,No,2022-23
20220907,2022-09-07,7,9,September,Q3,2022,36,Wednesday,No,2022-23
20220908,2022-09-08,8,9,September,Q3,2022,36,Thursday,No,2022-23
20220909,2022-09-09,9,9,September,Q3,2022,36,Friday,No,2022-23
20220910,2022-09-10,10,9,September,Q3,2022,36,Saturday,Yes,2022-23
20220911,2022-09-11,11,9,September,Q3,2022,36,Sunday,Yes,2022-23
20220912,2022-09-12,12,9,September,Q3,2022,37,Monday,No,2022-23
20220913,2022-09-13,13,9,September,Q3,2022,37,Tuesday,No,2022-23
20220914,2022-09-14,14,9,September,Q3,2022,37,Wednesday,No,2022-23
20220915,2022-09-15,15,9,September,Q3,2022,37,Thursday,No,2022-23
20220916,2022-09-16,16,9,September,Q3,2022,37,Friday,No,2022-23
20220917,2022-09-17,17,9,September,Q3,2022,37,Saturday,Yes,2022-23
20220918,2022-09-18,18,9,September,Q3,2022,37,Sunday,Yes,2022-23
20220919,2022-09-19,19,9,September,Q3,2022,38,Monday,No,2022-23
20220920,2022-09-20,20,9,September,Q3,2022,38,Tuesday,No,2022-23
20220921,2022-09-21,21,9,September,Q3,2022,38,Wednesday,No,2022-23
20220922,2022-09-22,22,9,September,Q3,2022,38,Thursday,No,2022-23
20220923,2022-09-23,23,9,September,Q3,2022,38,Friday,No,2022-23
20220924,2022-09-24,24,9,September,Q3,2022,38,Saturday,Yes,2022-23
20220925,2022-09-25,25,9,September,Q3,2022,38,Sunday,Yes,2022-23
20220926,2022-09-26,26,9,September,Q3,2022,39,Monday,No,2022-23
20220927,2022-09-27,27,9,September,Q3,2022,39,Tuesday,No,2022-23
20220928,2022-09-28,28,9,September,Q3,2022,39,Wednesday,No,2022-23
20220929,2022-09-29,29,9,September,Q3,2022,39,Thursday,No,2022-23
20220930,2022-09-30,30,9,September,Q3,2022,39,Friday,No,2022-23
20221001,2022-10-01,1,10,October,Q4,2022,39,Saturday,Yes,2022-23
20221002,2022-10-02,2,10,October,Q4,2022,39,Sunday,Yes,2022-23
20221003,2022-10-03,3,10,October,Q4,2022,40,Monday,No,2022-23
20221004,2022-10-04,4,10,October,Q4,2022,40,Tuesday,No,2022-23
20221005,2022-10-05,5,10,October,Q4,2022,40,Wednesday,No,2022-23
20221006,2022-10-06,6,10,October,Q4,2022,40,Thursday,No,2022-23
20221007,2022-10-07,7,10,October,Q4,2022,40,Friday,No,2022-23
20221008,2022-10-08,8,10,October,Q4,2022,40,Saturday,Yes,2022-23
20221009,2022-10-09,9,10,October,Q4,2022,40,Sunday,Yes,2022-23
20221010,2022-10-10,10,10,October,Q4,2022,41,Monday,No,2022-23
20221011,2022-10-11,11,10,October,Q4,2022,41,Tuesday,No,2022-23
20221012,2022-10-12,12,10,October,Q4,2022,41,Wednesday,No,2022-23
20221013,2022-10-13,13,10,October,Q4,2022,41,Thursday,No,2022-23
20221014,2022-10-14,14,10,October,Q4,2022,41,Friday,No,2022-23
20221015,2022-10-15,15,10,October,Q4,2022,41,Saturday,Yes,2022-23
20221016,2022-10-16,16,10,October,Q4,2022,41,Sunday,Yes,2022-23
20221017,2022-10-17,17,10,October,Q4,2022,42,Monday,No,2022-23
20221018,2022-10-18,18,10,October,Q4,2022,42,Tuesday,No,2022-23
20221019,2022-10-19,19,10,October,Q4,2022,42,Wednesday,No,2022-23
20221020,2022-10-20,20,10,October,Q4,2022,42,Thursday,No,2022-23
20221021,2022-10-21,21,10,October,Q4,2022,42,Friday,No,2022-23
20221022,2022-10-22,22,10,October,Q4,2022,42,Saturday,Yes,2022-23
20221023,2022-10-23,23,10,October,Q4,2022,42,Sunday,Yes,2022-23
20221024,2022-10-24,24,10,October,Q4,2022,43,Monday,No,2022-23
20221025,2022-10-25,25,10,October,Q4,2022,43,Tuesday,No,2022-23
20221026,2022-10-26,26,10,October,Q4,2022,43,Wednesday,No,2022-23
20221027,2022-10-27,27,10,October,Q4,2022,43,Thursday,No,2022-23
20221028,2022-10-28,28,10,October,Q4,2022,43,Friday,No,2022-23
20221029,2022-10-29,29,10,October,Q4,2022,43,Saturday,Yes,2022-23
20221030,2022-10-30,30,10,October,Q4,2022,43,Sunday,Yes,2022-23
20221031,2022-10-31,31,10,October,Q4,2022,44,Monday,No,2022-23
20221101,2022-11-01,1,11,November,Q4,2022,44,Tuesday,No,2022-23
20221102,2022-11-02,2,11,November,Q4,2022,44,Wednesday,No,2022-23
20221103,2022-11-03,3,11,November,Q4,2022,44,Thursday,No,2022-23
20221104,2022-11-04,4,11,November,Q4,2022,44,Friday,No,2022-23
20221105,2022-11-05,5,11,November,Q4,2022,44,Saturday,Yes,2022-23
20221106,2022-11-06,6,11,November,Q4,2022,44,Sunday,Yes,2022-23
20221107,2022-11-07,7,11,November,Q4,2022,45,Monday,No,2022-23
20221108,2022-11-08,8,11,November,Q4,2022,45,Tuesday,No,2022-23
20221109,2022-11-09,9,11,November,Q4,2022,45,Wednesday,No,2022-23
20221110,2022-11-10,10,11,November,Q4,2022,45,Thursday,No,2022-23
20221111,2022-11-11,11,11,November,Q4,2022,45,Friday,No,2022-23
20221112,2022-11-12,12,11,November,Q4,2022,45,Saturday,Yes,2022-23
20221113,2022-11-13,13,11,November,Q4,2022,45,Sunday,Yes,2022-23
20221114,2022-11-14,14,11,November,Q4,2022,46,Monday,No,2022-23
20221115,2022-11-15,15,11,November,Q4,2022,46,Tuesday,No,2022-23
20221116,2022-11-16,16,11,November,Q4,2022,46,Wednesday,No,2022-23
20221117,2022-11-17,17,11,November,Q4,2022,46,Thursday,No,2022-23
20221118,2022-11-18,18,11,November,Q4,2022,46,Friday,No,2022-23
20221119,2022-11-19,19,11,November,Q4,2022,46,Saturday,Yes,2022-23
20221120,2022-11-20,20,11,November,Q4,2022,46,Sunday,Yes,2022-23
20221121,2022-11-21,21,11,November,Q4,2022,47,Monday,No,2022-23
20221122,2022-11-22,22,11,November,Q4,2022,47,Tuesday,No,2022-23
20221123,2022-11-23,23,11,November,Q4,2022,47,Wednesday,No,2022-23
20221124,2022-11-24,24,11,November,Q4,2022,47,Thursday,No,2022-23
20221125,2022-11-25,25,11,November,Q4,2022,47,Friday,No,2022-23
20221126,2022-11-26,26,11,November,Q4,2022,47,Saturday,Yes,2022-23
20221127,2022-11-27,27,11,November,Q4,2022,47,Sunday,Yes,2022-23
20221128,2022-11-28,28,11,November,Q4,2022,48,Monday,No,2022-23
20221129,2022-11-29,29,11,November,Q4,2022,48,Tuesday,No,2022-23
20221130,2022-11-30,30,11,November,Q4,2022,48,Wednesday,No,2022-23
20221201,2022-12-01,1,12,December,Q4,2022,48,Thursday,No,2022-23
20221202,2022-12-02,2,12,December,Q4,2022,48,Friday,No,2022-23
20221203,2022-12-03,3,12,December,Q4,2022,48,Saturday,Yes,2022-23
20221204,2022-12-04,4,12,December,Q4,2022,48,Sunday,Yes,2022-23
20221205,2022-12-05,5,12,December,Q4,2022,49,Monday,No,2022-23
20221206,2022-12-06,6,12,December,Q4,2022,49,Tuesday,No,2022-23
20221207,2022-12-07,7,12,December,Q4,2022,49,Wednesday,No,2022-23
20221208,2022-12-08,8,12,December,Q4,2022,49,Thursday,No,2022-23
20221209,2022-12-09,9,12,December,Q4,2022,49,Friday,No,2022-23
20221210,2022-12-10,10,12,December,Q4,2022,49,Saturday,Yes,2022-23
20221211,2022-12-11,11,12,December,Q4,2022,49,Sunday,Yes,2022-23
20221212,2022-12-12,12,12,December,Q4,2022,50,Monday,No,2022-23
20221213,2022-12-13,13,12,December,Q4,2022,50,Tuesday,No,2022-23
20221214,2022-12-14,14,12,December,Q4,2022,50,Wednesday,No,2022-23
20221215,2022-12-15,15,12,December,Q4,2022,50,Thursday,No,2022-23
20221216,2022-12-16,16,12,December,Q4,2022,50,Friday,No,2022-23
20221217,2022-12-17,17,12,December,Q4,2022,50,Saturday,Yes,2022-23
20221218,2022-12-18,18,12,December,Q4,2022,50,Sunday,Yes,2022-23
20221219,2022-12-19,19,12,December,Q4,2022,51,Monday,No,2022-23
20221220,2022-12-20,20,12,December,Q4,2022,51,Tuesday,No,2022-23
20221221,2022-12-21,21,12,December,Q4,2022,51,Wednesday,No,2022-23
20221222,2022-12-22,22,12,December,Q4,2022,51,Thursday,No,2022-23
20221223,2022-12-23,23,12,December,Q4,2022,51,Friday,No,2022-23
20221224,2022-12-24,24,12,December,Q4,2022,51,Saturday,Yes,2022-23
20221225,2022-12-25,25,12,December,Q4,2022,51,Sunday,Yes,2022-23
20221226,2022-12-26,26,12,December,Q4,2022,52,Monday,No,2022-23
20221227,2022-12-27,27,12,December,Q4,2022,52,Tuesday,No,2022-23
20221228,2022-12-28,28,12,December,Q4,2022,52,Wednesday,No,2022-23
20221229,2022-12-29,29,12,December,Q4,2022,52,Thursday,No,2022-23
20221230,2022-12-30,30,12,December,Q4,2022,52,Friday,No,2022-23
20221231,2022-12-31,31,12,December,Q4,2022,52,Saturday,Yes,2022-23
20230101,2023-01-01,1,1,January,Q1,2023,52,Sunday,Yes,2022-23
20230102,2023-01-02,2,1,January,Q1,2023,1,Monday,No,2022-23
20230103,2023-01-03,3,1,January,Q1,2023,1,Tuesday,No,2022-23
20230104,2023-01-04,4,1,January,Q1,2023,1,Wednesday,No,2022-23
20230105,2023-01-05,5,1,January,Q1,2023,1,Thursday,No,2022-23
20230106,2023-01-06,6,1,January,Q1,2023,1,Friday,No,2022-23
20230107,2023-01-07,7,1,January,Q1,2023,1,Saturday,Yes,2022-23
20230108,2023-01-08,8,1,January,Q1,2023,1,Sunday,Yes,2022-23
20230109,2023-01-09,9,1,January,Q1,2023,2,Monday,No,2022-23
20230110,2023-01-10,10,1,January,Q1,2023,2,Tuesday,No,2022-23
20230111,2023-01-11,11,1,January,Q1,2023,2,Wednesday,No,2022-23
20230112,2023-01-12,12,1,January,Q1,2023,2,Thursday,No,2022-23
20230113,2023-01-13,13,1,January,Q1,2023,2,Friday,No,2022-23
20230114,2023-01-14,14,1,January,Q1,2023,2,Saturday,Yes,2022-23
20230115,2023-01-15,15,1,January,Q1,2023,2,Sunday,Yes,2022-23
20230116,2023-01-16,16,1,January,Q1,2023,3,Monday,No,2022-23
20230117,2023-01-17,17,1,January,Q1,2023,3,Tuesday,No,2022-23
20230118,2023-01-18,18,1,January,Q1,2023,3,Wednesday,No,2022-23
20230119,2023-01-19,19,1,January,Q1,2023,3,Thursday,No,2022-23
20230120,2023-01-20,20,1,January,Q1,2023,3,Friday,No,2022-23
20230121,2023-01-21,21,1,January,Q1,2023,3,Saturday,Yes,2022-23
20230122,2023-01-22,22,1,January,Q1,2023,3,Sunday,Yes,2022-23
20230123,2023-01-23,23,1,January,Q1,2023,4,Monday,No,2022-23
20230124,2023-01-24,24,1,January,Q1,2023,4,Tuesday,No,2022-23
20230125,2023-01-25,25,1,January,Q1,2023,4,Wednesday,No,2022-23
20230126,2023-01-26,26,1,January,Q1,2023,4,Thursday,No,2022-23
20230127,2023-01-27,27,1,January,Q1,2023,4,Friday,No,2022-23
20230128,2023-01-28,28,1,January,Q1,2023,4,Saturday,Yes,2022-23
20230129,2023-01-29,29,1,January,Q1,2023,4,Sunday,Yes,2022-23
20230130,2023-01-30,30,1,January,Q1,2023,5,Monday,No,2022-23
20230131,2023-01-31,31,1,January,Q1,2023,5,Tuesday,No,2022-23
20230201,2023-02-01,1,2,February,Q1,2023,5,Wednesday,No,2022-23
20230202,2023-02-02,2,2,February,Q1,2023,5,Thursday,No,2022-23
20230203,2023-02-03,3,2,February,Q1,2023,5,Friday,No,2022-23
20230204,2023-02-04,4,2,February,Q1,2023,5,Saturday,Yes,2022-23
20230205,2023-02-05,5,2,February,Q1,2023,5,Sunday,Yes,2022-23
20230206,2023-02-06,6,2,February,Q1,2023,6,Monday,No,2022-23
20230207,2023-02-07,7,2,February,Q1,2023,6,Tuesday,No,2022-23
20230208,2023-02-08,8,2,February,Q1,2023,6,Wednesday,No,2022-23
20230209,2023-02-09,9,2,February,Q1,2023,6,Thursday,No,2022-23
20230210,2023-02-10,10,2,February,Q1,2023,6,Friday,No,2022-23
20230211,2023-02-11,11,2,February,Q1,2023,6,Saturday,Yes,2022-23
20230212,2023-02-12,12,2,February,Q1,2023,6,Sunday,Yes,2022-23
20230213,2023-02-13,13,2,February,Q1,2023,7,Monday,No,2022-23
20230214,2023-02-14,14,2,February,Q1,2023,7,Tuesday,No,2022-23
20230215,2023-02-15,15,2,February,Q1,2023,7,Wednesday,No,2022-23
20230216,2023-02-16,16,2,February,Q1,2023,7,Thursday,No,2022-23
20230217,2023-02-17,17,2,February,Q1,2023,7,Friday,No,2022-23
20230218,2023-02-18,18,2,February,Q1,2023,7,Saturday,Yes,2022-23
20230219,2023-02-19,19,2,February,Q1,2023,7,Sunday,Yes,2022-23
20230220,2023-02-20,20,2,February,Q1,2023,8,Monday,No,2022-23
20230221,2023-02-21,21,2,February,Q1,2023,8,Tuesday,No,2022-23
20230222,2023-02-22,22,2,February,Q1,2023,8,Wednesday,No,2022-23
20230223,2023-02-23,23,2,February,Q1,2023,8,Thursday,No,2022-23
20230224,2023-02-24,24,2,February,Q1,2023,8,Friday,No,2022-23
20230225,2023-02-25,25,2,February,Q1,2023,8,Saturday,Yes,2022-23
20230226,2023-02-26,26,2,February,Q1,2023,8,Sunday,Yes,2022-23
20230227,2023-02-27,27,2,February,Q1,2023,9,Monday,No,2022-23
20230228,2023-02-28,28,2,February,Q1,2023,9,Tuesday,No,2022-23
20230301,2023-03-01,1,3,March,Q1,2023,9,Wednesday,No,2022-23
20230302,2023-03-02,2,3,March,Q1,2023,9,Thursday,No,2022-23
20230303,2023-03-03,3,3,March,Q1,2023,9,Friday,No,2022-23
20230304,2023-03-04,4,3,March,Q1,2023,9,Saturday,Yes,2022-23
20230305,2023-03-05,5,3,March,Q1,2023,9,Sunday,Yes,2022-23
20230306,2023-03-06,6,3,March,Q1,2023,10,Monday,No,2022-23
20230307,2023-03-07,7,3,March,Q1,2023,10,Tuesday,No,2022-23
20230308,2023-03-08,8,3,March,Q1,2023,10,Wednesday,No,2022-23
20230309,2023-03-09,9,3,March,Q1,2023,10,Thursday,No,2022-23
20230310,2023-03-10,10,3,March,Q1,2023,10,Friday,No,2022-23
20230311,2023-03-11,11,3,March,Q1,2023,10,Saturday,Yes,2022-23
20230312,2023-03-12,12,3,March,Q1,2023,10,Sunday,Yes,2022-23
20230313,2023-03-13,13,3,March,Q1,2023,11,Monday,No,2022-23
20230314,2023-03-14,14,3,March,Q1,2023,11,Tuesday,No,2022-23
20230315,2023-03-15,15,3,March,Q1,2023,11,Wednesday,No,2022-23
20230316,2023-03-16,16,3,March,Q1,2023,11,Thursday,No,2022-23
20230317,2023-03-17,17,3,March,Q1,2023,11,Friday,No,2022-23
20230318,2023-03-18,18,3,March,Q1,2023,11,Saturday,Yes,2022-23
20230319,2023-03-19,19,3,March,Q1,2023,11,Sunday,Yes,2022-23
20230320,2023-03-20,20,3,March,Q1,2023,12,Monday,No,2022-23
20230321,2023-03-21,21,3,March,Q1,2023,12,Tuesday,No,2022-23
20230322,2023-03-22,22,3,March,Q1,2023,12,Wednesday,No,2022-23
20230323,2023-03-23,23,3,March,Q1,2023,12,Thursday,No,2022-23
20230324,2023-03-24,24,3,March,Q1,2023,12,Friday,No,2022-23
20230325,2023-03-25,25,3,March,Q1,2023,12,Saturday,Yes,2022-23
20230326,2023-03-26,26,3,March,Q1,2023,12,Sunday,Yes,2022-23
20230327,2023-03-27,27,3,March,Q1,2023,13,Monday,No,2022-23
20230328,2023-03-28,28,3,March,Q1,2023,13,Tuesday,No,2022-23
20230329,2023-03-29,29,3,March,Q1,2023,13,Wednesday,No,2022-23
20230330,2023-03-30,30,3,March,Q1,2023,13,Thursday,No,2022-23
20230331,2023-03-31,31,3,March,Q1,2023,13,Friday,No,2022-23
20230401,2023-04-01,1,4,April,Q2,2023,13,Saturday,Yes,2023-24
20230402,2023-04-02,2,4,April,Q2,2023,13,Sunday,Yes,2023-24
20230403,2023-04-03,3,4,April,Q2,2023,14,Monday,No,2023-24
20230404,2023-04-04,4,4,April,Q2,2023,14,Tuesday,No,2023-24
20230405,2023-04-05,5,4,April,Q2,2023,14,Wednesday,No,2023-24
20230406,2023-04-06,6,4,April,Q2,2023,14,Thursday,No,2023-24
20230407,2023-04-07,7,4,April,Q2,2023,14,Friday,No,2023-24
20230408,2023-04-08,8,4,April,Q2,2023,14,Saturday,Yes,2023-24
20230409,2023-04-09,9,4,April,Q2,2023,14,Sunday,Yes,2023-24
20230410,2023-04-10,10,4,April,Q2,2023,15,Monday,No,2023-24
20230411,2023-04-11,11,4,April,Q2,2023,15,Tuesday,No,2023-24
20230412,2023-04-12,12,4,April,Q2,2023,15,Wednesday,No,2023-24
20230413,2023-04-13,13,4,April,Q2,2023,15,Thursday,No,2023-24
20230414,2023-04-14,14,4,April,Q2,2023,15,Friday,No,2023-24
20230415,2023-04-15,15,4,April,Q2,2023,15,Saturday,Yes,2023-24
20230416,2023-04-16,16,4,April,Q2,2023,15,Sunday,Yes,2023-24
20230417,2023-04-17,17,4,April,Q2,2023,16,Monday,No,2023-24
20230418,2023-04-18,18,4,April,Q2,2023,16,Tuesday,No,2023-24
20230419,2023-04-19,19,4,April,Q2,2023,16,Wednesday,No,2023-24
20230420,2023-04-20,20,4,April,Q2,2023,16,Thursday,No,2023-24
20230421,2023-04-21,21,4,April,Q2,2023,16,Friday,No,2023-24
20230422,2023-04-22,22,4,April,Q2,2023,16,Saturday,Yes,2023-24
20230423,2023-04-23,23,4,April,Q2,2023,16,Sunday,Yes,2023-24
20230424,2023-04-24,24,4,April,Q2,2023,17,Monday,No,2023-24
20230425,2023-04-25,25,4,April,Q2,2023,17,Tuesday,No,2023-24
20230426,2023-04-26,26,4,April,Q2,2023,17,Wednesday,No,2023-24
20230427,2023-04-27,27,4,April,Q2,2023,17,Thursday,No,2023-24
20230428,2023-04-28,28,4,April,Q2,2023,17,Friday,No,2023-24
20230429,2023-04-29,29,4,April,Q2,2023,17,Saturday,Yes,2023-24
20230430,2023-04-30,30,4,April,Q2,2023,17,Sunday,Yes,2023-24
20230501,2023-05-01,1,5,May,Q2,2023,18,Monday,No,2023-24
20230502,2023-05-02,2,5,May,Q2,2023,18,Tuesday,No,2023-24
20230503,2023-05-03,3,5,May,Q2,2023,18,Wednesday,No,2023-24
20230504,2023-05-04,4,5,May,Q2,2023,18,Thursday,No,2023-24
20230505,2023-05-05,5,5,May,Q2,2023,18,Friday,No,2023-24
20230506,2023-05-06,6,5,May,Q2,2023,18,Saturday,Yes,2023-24
20230507,2023-05-07,7,5,May,Q2,2023,18,Sunday,Yes,2023-24
20230508,2023-05-08,8,5,May,Q2,2023,19,Monday,No,2023-24
20230509,2023-05-09,9,5,May,Q2,2023,19,Tuesday,No,2023-24
20230510,2023-05-10,10,5,May,Q2,2023,19,Wednesday,No,2023-24
20230511,2023-05-11,11,5,May,Q2,2023,19,Thursday,No,2023-24
20230512,2023-05-12,12,5,May,Q2,2023,19,Friday,No,2023-24
20230513,2023-05-13,13,5,May,Q2,2023,19,Saturday,Yes,2023-24
20230514,2023-05-14,14,5,May,Q2,2023,19,Sunday,Yes,2023-24
20230515,2023-05-15,15,5,May,Q2,2023,20,Monday,No,2023-24
20230516,2023-05-16,16,5,May,Q2,2023,20,Tuesday,No,2023-24
20230517,2023-05-17,17,5,May,Q2,2023,20,Wednesday,No,2023-24
20230518,2023-05-18,18,5,May,Q2,2023,20,Thursday,No,2023-24
20230519,2023-05-19,19,5,May,Q2,2023,20,Friday,No,2023-24
20230520,2023-05-20,20,5,May,Q2,2023,20,Saturday,Yes,2023-24
20230521,2023-05-21,21,5,May,Q2,2023,20,Sunday,Yes,2023-24
20230522,2023-05-22,22,5,May,Q2,2023,21,Monday,No,2023-24
20230523,2023-05-23,23,5,May,Q2,2023,21,Tuesday,No,2023-24
20230524,2023-05-24,24,5,May,Q2,2023,21,Wednesday,No,2023-24
20230525,2023-05-25,25,5,May,Q2,2023,21,Thursday,No,2023-24
20230526,2023-05-26,26,5,May,Q2,2023,21,Friday,No,2023-24
20230527,2023-05-27,27,5,May,Q2,2023,21,Saturday,Yes,2023-24
20230528,2023-05-28,28,5,May,Q2,2023,21,Sunday,Yes,2023-24
20230529,2023-05-29,29,5,May,Q2,2023,22,Monday,No,2023-24
20230530,2023-05-30,30,5,May,Q2,2023,22,Tuesday,No,2023-24
20230531,2023-05-31,31,5,May,Q2,2023,22,Wednesday,No,2023-24
20230601,2023-06-01,1,6,June,Q2,2023,22,Thursday,No,2023-24
20230602,2023-06-02,2,6,June,Q2,2023,22,Friday,No,2023-24
20230603,2023-06-03,3,6,June,Q2,2023,22,Saturday,Yes,2023-24
20230604,2023-06-04,4,6,June,Q2,2023,22,Sunday,Yes,2023-24
20230605,2023-06-05,5,6,June,Q2,2023,23,Monday,No,2023-24
20230606,2023-06-06,6,6,June,Q2,2023,23,Tuesday,No,2023-24
20230607,2023-06-07,7,6,June,Q2,2023,23,Wednesday,No,2023-24
20230608,2023-06-08,8,6,June,Q2,2023,23,Thursday,No,2023-24
20230609,2023-06-09,9,6,June,Q2,2023,23,Friday,No,2023-24
20230610,2023-06-10,10,6,June,Q2,2023,23,Saturday,Yes,2023-24
20230611,2023-06-11,11,6,June,Q2,2023,23,Sunday,Yes,2023-24
20230612,2023-06-12,12,6,June,Q2,2023,24,Monday,No,2023-24
20230613,2023-06-13,13,6,June,Q2,2023,24,Tuesday,No,2023-24
20230614,2023-06-14,14,6,June,Q2,2023,24,Wednesday,No,2023-24
20230615,2023-06-15,15,6,June,Q2,2023,24,Thursday,No,2023-24
20230616,2023-06-16,16,6,June,Q2,2023,24,Friday,No,2023-24
20230617,2023-06-17,17,6,June,Q2,2023,24,Saturday,Yes,2023-24
20230618,2023-06-18,18,6,June,Q2,2023,24,Sunday,Yes,2023-24
20230619,2023-06-19,19,6,June,Q2,2023,25,Monday,No,2023-24
20230620,2023-06-20,20,6,June,Q2,2023,25,Tuesday,No,2023-24
20230621,2023-06-21,21,6,June,Q2,2023,25,Wednesday,No,2023-24
20230622,2023-06-22,22,6,June,Q2,2023,25,Thursday,No,2023-24
20230623,2023-06-23,23,6,June,Q2,2023,25,Friday,No,2023-24
20230624,2023-06-24,24,6,June,Q2,2023,25,Saturday,Yes,2023-24
20230625,2023-06-25,25,6,June,Q2,2023,25,Sunday,Yes,2023-24
20230626,2023-06-26,26,6,June,Q2,2023,26,Monday,No,2023-24
20230627,2023-06-27,27,6,June,Q2,2023,26,Tuesday,No,2023-24
20230628,2023-06-28,28,6,June,Q2,2023,26,Wednesday,No,2023-24
20230629,2023-06-29,29,6,June,Q2,2023,26,Thursday,No,2023-24
20230630,2023-06-30,30,6,June,Q2,2023,26,Friday,No,2023-24
20230701,2023-07-01,1,7,July,Q3,2023,26,Saturday,Yes,2023-24
20230702,2023-07-02,2,7,July,Q3,2023,26,Sunday,Yes,2023-24
20230703,2023-07-03,3,7,July,Q3,2023,27,Monday,No,2023-24
20230704,2023-07-04,4,7,July,Q3,2023,27,Tuesday,No,2023-24
20230705,2023-07-05,5,7,July,Q3,2023,27,Wednesday,No,2023-24
20230706,2023-07-06,6,7,July,Q3,2023,27,Thursday,No,2023-24
20230707,2023-07-07,7,7,July,Q3,2023,27,Friday,No,2023-24
20230708,2023-07-08,8,7,July,Q3,2023,27,Saturday,Yes,2023-24
20230709,2023-07-09,9,7,July,Q3,2023,27,Sunday,Yes,2023-24
20230710,2023-07-10,10,7,July,Q3,2023,28,Monday,No,2023-24
20230711,2023-07-11,11,7,July,Q3,2023,28,Tuesday,No,2023-24
20230712,2023-07-12,12,7,July,Q3,2023,28,Wednesday,No,2023-24
20230713,2023-07-13,13,7,July,Q3,2023,28,Thursday,No,2023-24
20230714,2023-07-14,14,7,July,Q3,2023,28,Friday,No,2023-24
20230715,2023-07-15,15,7,July,Q3,2023,28,Saturday,Yes,2023-24
20230716,2023-07-16,16,7,July,Q3,2023,28,Sunday,Yes,2023-24
20230717,2023-07-17,17,7,July,Q3,2023,29,Monday,No,2023-24
20230718,2023-07-18,18,7,July,Q3,2023,29,Tuesday,No,2023-24
20230719,2023-07-19,19,7,July,Q3,2023,29,Wednesday,No,2023-24
20230720,2023-07-20,20,7,July,Q3,2023,29,Thursday,No,2023-24
20230721,2023-07-21,21,7,July,Q3,2023,29,Friday,No,2023-24
20230722,2023-07-22,22,7,July,Q3,2023,29,Saturday,Yes,2023-24
20230723,2023-07-23,23,7,July,Q3,2023,29,Sunday,Yes,2023-24
20230724,2023-07-24,24,7,July,Q3,2023,30,Monday,No,2023-24
20230725,2023-07-25,25,7,July,Q3,2023,30,Tuesday,No,2023-24
20230726,2023-07-26,26,7,July,Q3,2023,30,Wednesday,No,2023-24
20230727,2023-07-27,27,7,July,Q3,2023,30,Thursday,No,2023-24
20230728,2023-07-28,28,7,July,Q3,2023,30,Friday,No,2023-24
20230729,2023-07-29,29,7,July,Q3,2023,30,Saturday,Yes,2023-24
20230730,2023-07-30,30,7,July,Q3,2023,30,Sunday,Yes,2023-24
20230731,2023-07-31,31,7,July,Q3,2023,31,Monday,No,2023-24
20230801,2023-08-01,1,8,August,Q3,2023,31,Tuesday,No,2023-24
20230802,2023-08-02,2,8,August,Q3,2023,31,Wednesday,No,2023-24
20230803,2023-08-03,3,8,August,Q3,2023,31,Thursday,No,2023-24
20230804,2023-08-04,4,8,August,Q3,2023,31,Friday,No,2023-24
20230805,2023-08-05,5,8,August,Q3,2023,31,Saturday,Yes,2023-24
20230806,2023-08-06,6,8,August,Q3,2023,31,Sunday,Yes,2023-24
20230807,2023-08-07,7,8,August,Q3,2023,32,Monday,No,2023-24
20230808,2023-08-08,8,8,August,Q3,2023,32,Tuesday,No,2023-24
20230809,2023-08-09,9,8,August,Q3,2023,32,Wednesday,No,2023-24
20230810,2023-08-10,10,8,August,Q3,2023,32,Thursday,No,2023-24
20230811,2023-08-11,11,8,August,Q3,2023,32,Friday,No,2023-24
20230812,2023-08-12,12,8,August,Q3,2023,32,Saturday,Yes,2023-24
20230813,2023-08-13,13,8,August,Q3,2023,32,Sunday,Yes,2023-24
20230814,2023-08-14,14,8,August,Q3,2023,33,Monday,No,2023-24
20230815,2023-08-15,15,8,August,Q3,2023,33,Tuesday,No,2023-24
20230816,2023-08-16,16,8,August,Q3,2023,33,Wednesday,No,2023-24
20230817,2023-08-17,17,8,August,Q3,2023,33,Thursday,No,2023-24
20230818,2023-08-18,18,8,August,Q3,2023,33,Friday,No,2023-24
20230819,2023-08-19,19,8,August,Q3,2023,33,Saturday,Yes,2023-24
20230820,2023-08-20,20,8,August,Q3,2023,33,Sunday,Yes,2023-24
20230821,2023-08-21,21,8,August,Q3,2023,34,Monday,No,2023-24
20230822,2023-08-22,22,8,August,Q3,2023,34,Tuesday,No,2023-24
20230823,2023-08-23,23,8,August,Q3,2023,34,Wednesday,No,2023-24
20230824,2023-08-24,24,8,August,Q3,2023,34,Thursday,No,2023-24
20230825,2023-08-25,25,8,August,Q3,2023,34,Friday,No,2023-24
20230826,2023-08-26,26,8,August,Q3,2023,34,Saturday,Yes,2023-24
20230827,2023-08-27,27,8,August,Q3,2023,34,Sunday,Yes,2023-24
20230828,2023-08-28,28,8,August,Q3,2023,35,Monday,No,2023-24
20230829,2023-08-29,29,8,August,Q3,2023,35,Tuesday,No,2023-24
20230830,2023-08-30,30,8,August,Q3,2023,35,Wednesday,No,2023-24
20230831,2023-08-31,31,8,August,Q3,2023,35,Thursday,No,2023-24
20230901,2023-09-01,1,9,September,Q3,2023,35,Friday,No,2023-24
20230902,2023-09-02,2,9,September,Q3,2023,35,Saturday,Yes,2023-24
20230903,2023-09-03,3,9,September,Q3,2023,35,Sunday,Yes,2023-24
20230904,2023-09-04,4,9,September,Q3,2023,36,Monday,No,2023-24
20230905,2023-09-05,5,9,September,Q3,2023,36,Tuesday,No,2023-24
20230906,2023-09-06,6,9,September,Q3,2023,36,Wednesday,No,2023-24
20230907,2023-09-07,7,9,September,Q3,2023,36,Thursday,No,2023-24
20230908,2023-09-08,8,9,September,Q3,2023,36,Friday,No,2023-24
20230909,2023-09-09,9,9,September,Q3,2023,36,Saturday,Yes,2023-24
20230910,2023-09-10,10,9,September,Q3,2023,36,Sunday,Yes,2023-24
20230911,2023-09-11,11,9,September,Q3,2023,37,Monday,No,2023-24
20230912,2023-09-12,12,9,September,Q3,2023,37,Tuesday,No,2023-24
20230913,2023-09-13,13,9,September,Q3,2023,37,Wednesday,No,2023-24
20230914,2023-09-14,14,9,September,Q3,2023,37,Thursday,No,2023-24
20230915,2023-09-15,15,9,September,Q3,2023,37,Friday,No,2023-24
20230916,2023-09-16,16,9,September,Q3,2023,37,Saturday,Yes,2023-24
20230917,2023-09-17,17,9,September,Q3,2023,37,Sunday,Yes,2023-24
20230918,2023-09-18,18,9,September,Q3,2023,38,Monday,No,2023-24
20230919,2023-09-19,19,9,September,Q3,2023,38,Tuesday,No,2023-24
20230920,2023-09-20,20,9,September,Q3,2023,38,Wednesday,No,2023-24
20230921,2023-09-21,21,9,September,Q3,2023,38,Thursday,No,2023-24
20230922,2023-09-22,22,9,September,Q3,2023,38,Friday,No,2023-24
20230923,2023-09-23,23,9,September,Q3,2023,38,Saturday,Yes,2023-24
20230924,2023-09-24,24,9,September,Q3,2023,38,Sunday,Yes,2023-24
20230925,2023-09-25,25,9,September,Q3,2023,39,Monday,No,2023-24
20230926,2023-09-26,26,9,September,Q3,2023,39,Tuesday,No,2023-24
20230927,2023-09-27,27,9,September,Q3,2023,39,Wednesday,No,2023-24
20230928,2023-09-28,28,9,September,Q3,2023,39,Thursday,No,2023-24
20230929,2023-09-29,29,9,September,Q3,2023,39,Friday,No,2023-24
20230930,2023-09-30,30,9,September,Q3,2023,39,Saturday,Yes,2023-24
20231001,2023-10-01,1,10,October,Q4,2023,39,Sunday,Yes,2023-24
20231002,2023-10-02,2,10,October,Q4,2023,40,Monday,No,2023-24
20231003,2023-10-03,3,10,October,Q4,2023,40,Tuesday,No,2023-24
20231004,2023-10-04,4,10,October,Q4,2023,40,Wednesday,No,2023-24
20231005,2023-10-05,5,10,October,Q4,2023,40,Thursday,No,2023-24
20231006,2023-10-06,6,10,October,Q4,2023,40,Friday,No,2023-24
20231007,2023-10-07,7,10,October,Q4,2023,40,Saturday,Yes,2023-24
20231008,2023-10-08,8,10,October,Q4,2023,40,Sunday,Yes,2023-24
20231009,2023-10-09,9,10,October,Q4,2023,41,Monday,No,2023-24
20231010,2023-10-10,10,10,October,Q4,2023,41,Tuesday,No,2023-24
20231011,2023-10-11,11,10,October,Q4,2023,41,Wednesday,No,2023-24
20231012,2023-10-12,12,10,October,Q4,2023,41,Thursday,No,2023-24
20231013,2023-10-13,13,10,October,Q4,2023,41,Friday,No,2023-24
20231014,2023-10-14,14,10,October,Q4,2023,41,Saturday,Yes,2023-24
20231015,2023-10-15,15,10,October,Q4,2023,41,Sunday,Yes,2023-24
20231016,2023-10-16,16,10,October,Q4,2023,42,Monday,No,2023-24
20231017,2023-10-17,17,10,October,Q4,2023,42,Tuesday,No,2023-24
20231018,2023-10-18,18,10,October,Q4,2023,42,Wednesday,No,2023-24
20231019,2023-10-19,19,10,October,Q4,2023,42,Thursday,No,2023-24
20231020,2023-10-20,20,10,October,Q4,2023,42,Friday,No,2023-24
20231021,2023-10-21,21,10,October,Q4,2023,42,Saturday,Yes,2023-24
20231022,2023-10-22,22,10,October,Q4,2023,42,Sunday,Yes,2023-24
20231023,2023-10-23,23,10,October,Q4,2023,43,Monday,No,2023-24
20231024,2023-10-24,24,10,October,Q4,2023,43,Tuesday,No,2023-24
20231025,2023-10-25,25,10,October,Q4,2023,43,Wednesday,No,2023-24
20231026,2023-10-26,26,10,October,Q4,2023,43,Thursday,No,2023-24
20231027,2023-10-27,27,10,October,Q4,2023,43,Friday,No,2023-24
20231028,2023-10-28,28,10,October,Q4,2023,43,Saturday,Yes,2023-24
20231029,2023-10-29,29,10,October,Q4,2023,43,Sunday,Yes,2023-24
20231030,2023-10-30,30,10,October,Q4,2023,44,Monday,No,2023-24
20231031,2023-10-31,31,10,October,Q4,2023,44,Tuesday,No,2023-24
20231101,2023-11-01,1,11,November,Q4,2023,44,Wednesday,No,2023-24
20231102,2023-11-02,2,11,November,Q4,2023,44,Thursday,No,2023-24
20231103,2023-11-03,3,11,November,Q4,2023,44,Friday,No,2023-24
20231104,2023-11-04,4,11,November,Q4,2023,44,Saturday,Yes,2023-24
20231105,2023-11-05,5,11,November,Q4,2023,44,Sunday,Yes,2023-24
20231106,2023-11-06,6,11,November,Q4,2023,45,Monday,No,2023-24
20231107,2023-11-07,7,11,November,Q4,2023,45,Tuesday,No,2023-24
20231108,2023-11-08,8,11,November,Q4,2023,45,Wednesday,No,2023-24
20231109,2023-11-09,9,11,November,Q4,2023,45,Thursday,No,2023-24
20231110,2023-11-10,10,11,November,Q4,2023,45,Friday,No,2023-24
20231111,2023-11-11,11,11,November,Q4,2023,45,Saturday,Yes,2023-24
20231112,2023-11-12,12,11,November,Q4,2023,45,Sunday,Yes,2023-24
20231113,2023-11-13,13,11,November,Q4,2023,46,Monday,No,2023-24
20231114,2023-11-14,14,11,November,Q4,2023,46,Tuesday,No,2023-24
20231115,2023-11-15,15,11,November,Q4,2023,46,Wednesday,No,2023-24
20231116,2023-11-16,16,11,November,Q4,2023,46,Thursday,No,2023-24
20231117,2023-11-17,17,11,November,Q4,2023,46,Friday,No,2023-24
20231118,2023-11-18,18,11,November,Q4,2023,46,Saturday,Yes,2023-24
20231119,2023-11-19,19,11,November,Q4,2023,46,Sunday,Yes,2023-24
20231120,2023-11-20,20,11,November,Q4,2023,47,Monday,No,2023-24
20231121,2023-11-21,21,11,November,Q4,2023,47,Tuesday,No,2023-24
20231122,2023-11-22,22,11,November,Q4,2023,47,Wednesday,No,2023-24
20231123,2023-11-23,23,11,November,Q4,2023,47,Thursday,No,2023-24
20231124,2023-11-24,24,11,November,Q4,2023,47,Friday,No,2023-24
20231125,2023-11-25,25,11,November,Q4,2023,47,Saturday,Yes,2023-24
20231126,2023-11-26,26,11,November,Q4,2023,47,Sunday,Yes,2023-24
20231127,2023-11-27,27,11,November,Q4,2023,48,Monday,No,2023-24
20231128,2023-11-28,28,11,November,Q4,2023,48,Tuesday,No,2023-24
20231129,2023-11-29,29,11,November,Q4,2023,48,Wednesday,No,2023-24
20231130,2023-11-30,30,11,November,Q4,2023,48,Thursday,No,2023-24
20231201,2023-12-01,1,12,December,Q4,2023,48,Friday,No,2023-24
20231202,2023-12-02,2,12,December,Q4,2023,48,Saturday,Yes,2023-24
20231203,2023-12-03,3,12,December,Q4,2023,48,Sunday,Yes,2023-24
20231204,2023-12-04,4,12,December,Q4,2023,49,Monday,No,2023-24
20231205,2023-12-05,5,12,December,Q4,2023,49,Tuesday,No,2023-24
20231206,2023-12-06,6,12,December,Q4,2023,49,Wednesday,No,2023-24
20231207,2023-12-07,7,12,December,Q4,2023,49,Thursday,No,2023-24
20231208,2023-12-08,8,12,December,Q4,2023,49,Friday,No,2023-24
20231209,2023-12-09,9,12,December,Q4,2023,49,Saturday,Yes,2023-24
20231210,2023-12-10,10,12,December,Q4,2023,49,Sunday,Yes,2023-24
20231211,2023-12-11,11,12,December,Q4,2023,50,Monday,No,2023-24
20231212,2023-12-12,12,12,December,Q4,2023,50,Tuesday,No,2023-24
20231213,2023-12-13,13,12,December,Q4,2023,50,Wednesday,No,2023-24
20231214,2023-12-14,14,12,December,Q4,2023,50,Thursday,No,2023-24
20231215,2023-12-15,15,12,December,Q4,2023,50,Friday,No,2023-24
20231216,2023-12-16,16,12,December,Q4,2023,50,Saturday,Yes,2023-24
20231217,2023-12-17,17,12,December,Q4,2023,50,Sunday,Yes,2023-24
20231218,2023-12-18,18,12,December,Q4,2023,51,Monday,No,2023-24
20231219,2023-12-19,19,12,December,Q4,2023,51,Tuesday,No,2023-24
20231220,2023-12-20,20,12,December,Q4,2023,51,Wednesday,No,2023-24
20231221,2023-12-21,21,12,December,Q4,2023,51,Thursday,No,2023-24
20231222,2023-12-22,22,12,December,Q4,2023,51,Friday,No,2023-24
20231223,2023-12-23,23,12,December,Q4,2023,51,Saturday,Yes,2023-24
20231224,2023-12-24,24,12,December,Q4,2023,51,Sunday,Yes,2023-24
20231225,2023-12-25,25,12,December,Q4,2023,52,Monday,No,2023-24
20231226,2023-12-26,26,12,December,Q4,2023,52,Tuesday,No,2023-24
20231227,2023-12-27,27,12,December,Q4,2023,52,Wednesday,No,2023-24
20231228,2023-12-28,28,12,December,Q4,2023,52,Thursday,No,2023-24
20231229,2023-12-29,29,12,December,Q4,2023,52,Friday,No,2023-24
20231230,2023-12-30,30,12,December,Q4,2023,52,Saturday,Yes,2023-24
20231231,2023-12-31,31,12,December,Q4,2023,52,Sunday,Yes,2023-24
20240101,2024-01-01,1,1,January,Q1,2024,1,Monday,No,2023-24
20240102,2024-01-02,2,1,January,Q1,2024,1,Tuesday,No,2023-24
20240103,2024-01-03,3,1,January,Q1,2024,1,Wednesday,No,2023-24
20240104,2024-01-04,4,1,January,Q1,2024,1,Thursday,No,2023-24
20240105,2024-01-05,5,1,January,Q1,2024,1,Friday,No,2023-24
20240106,2024-01-06,6,1,January,Q1,2024,1,Saturday,Yes,2023-24
20240107,2024-01-07,7,1,January,Q1,2024,1,Sunday,Yes,2023-24
20240108,2024-01-08,8,1,January,Q1,2024,2,Monday,No,2023-24
20240109,2024-01-09,9,1,January,Q1,2024,2,Tuesday,No,2023-24
20240110,2024-01-10,10,1,January,Q1,2024,2,Wednesday,No,2023-24
20240111,2024-01-11,11,1,January,Q1,2024,2,Thursday,No,2023-24
20240112,2024-01-12,12,1,January,Q1,2024,2,Friday,No,2023-24
20240113,2024-01-13,13,1,January,Q1,2024,2,Saturday,Yes,2023-24
20240114,2024-01-14,14,1,January,Q1,2024,2,Sunday,Yes,2023-24
20240115,2024-01-15,15,1,January,Q1,2024,3,Monday,No,2023-24
20240116,2024-01-16,16,1,January,Q1,2024,3,Tuesday,No,2023-24
20240117,2024-01-17,17,1,January,Q1,2024,3,Wednesday,No,2023-24
20240118,2024-01-18,18,1,January,Q1,2024,3,Thursday,No,2023-24
20240119,2024-01-19,19,1,January,Q1,2024,3,Friday,No,2023-24
20240120,2024-01-20,20,1,January,Q1,2024,3,Saturday,Yes,2023-24
20240121,2024-01-21,21,1,January,Q1,2024,3,Sunday,Yes,2023-24
20240122,2024-01-22,22,1,January,Q1,2024,4,Monday,No,2023-24
20240123,2024-01-23,23,1,January,Q1,2024,4,Tuesday,No,2023-24
20240124,2024-01-24,24,1,January,Q1,2024,4,Wednesday,No,2023-24
20240125,2024-01-25,25,1,January,Q1,2024,4,Thursday,No,2023-24
20240126,2024-01-26,26,1,January,Q1,2024,4,Friday,No,2023-24
20240127,2024-01-27,27,1,January,Q1,2024,4,Saturday,Yes,2023-24
20240128,2024-01-28,28,1,January,Q1,2024,4,Sunday,Yes,2023-24
20240129,2024-01-29,29,1,January,Q1,2024,5,Monday,No,2023-24
20240130,2024-01-30,30,1,January,Q1,2024,5,Tuesday,No,2023-24
20240131,2024-01-31,31,1,January,Q1,2024,5,Wednesday,No,2023-24
20240201,2024-02-01,1,2,February,Q1,2024,5,Thursday,No,2023-24
20240202,2024-02-02,2,2,February,Q1,2024,5,Friday,No,2023-24
20240203,2024-02-03,3,2,February,Q1,2024,5,Saturday,Yes,2023-24
20240204,2024-02-04,4,2,February,Q1,2024,5,Sunday,Yes,2023-24
20240205,2024-02-05,5,2,February,Q1,2024,6,Monday,No,2023-24
20240206,2024-02-06,6,2,February,Q1,2024,6,Tuesday,No,2023-24
20240207,2024-02-07,7,2,February,Q1,2024,6,Wednesday,No,2023-24
20240208,2024-02-08,8,2,February,Q1,2024,6,Thursday,No,2023-24
20240209,2024-02-09,9,2,February,Q1,2024,6,Friday,No,2023-24
20240210,2024-02-10,10,2,February,Q1,2024,6,Saturday,Yes,2023-24
20240211,2024-02-11,11,2,February,Q1,2024,6,Sunday,Yes,2023-24
20240212,2024-02-12,12,2,February,Q1,2024,7,Monday,No,2023-24
20240213,2024-02-13,13,2,February,Q1,2024,7,Tuesday,No,2023-24
20240214,2024-02-14,14,2,February,Q1,2024,7,Wednesday,No,2023-24
20240215,2024-02-15,15,2,February,Q1,2024,7,Thursday,No,2023-24
20240216,2024-02-16,16,2,February,Q1,2024,7,Friday,No,2023-24
20240217,2024-02-17,17,2,February,Q1,2024,7,Saturday,Yes,2023-24
20240218,2024-02-18,18,2,February,Q1,2024,7,Sunday,Yes,2023-24
20240219,2024-02-19,19,2,February,Q1,2024,8,Monday,No,2023-24
20240220,2024-02-20,20,2,February,Q1,2024,8,Tuesday,No,2023-24
20240221,2024-02-21,21,2,February,Q1,2024,8,Wednesday,No,2023-24
20240222,2024-02-22,22,2,February,Q1,2024,8,Thursday,No,2023-24
20240223,2024-02-23,23,2,February,Q1,2024,8,Friday,No,2023-24
20240224,2024-02-24,24,2,February,Q1,2024,8,Saturday,Yes,2023-24
20240225,2024-02-25,25,2,February,Q1,2024,8,Sunday,Yes,2023-24
20240226,2024-02-26,26,2,February,Q1,2024,9,Monday,No,2023-24
20240227,2024-02-27,27,2,February,Q1,2024,9,Tuesday,No,2023-24
20240228,2024-02-28,28,2,February,Q1,2024,9,Wednesday,No,2023-24
20240229,2024-02-29,29,2,February,Q1,2024,9,Thursday,No,2023-24
20240301,2024-03-01,1,3,March,Q1,2024,9,Friday,No,2023-24
20240302,2024-03-02,2,3,March,Q1,2024,9,Saturday,Yes,2023-24
20240303,2024-03-03,3,3,March,Q1,2024,9,Sunday,Yes,2023-24
20240304,2024-03-04,4,3,March,Q1,2024,10,Monday,No,2023-24
20240305,2024-03-05,5,3,March,Q1,2024,10,Tuesday,No,2023-24
20240306,2024-03-06,6,3,March,Q1,2024,10,Wednesday,No,2023-24
20240307,2024-03-07,7,3,March,Q1,2024,10,Thursday,No,2023-24
20240308,2024-03-08,8,3,March,Q1,2024,10,Friday,No,2023-24
20240309,2024-03-09,9,3,March,Q1,2024,10,Saturday,Yes,2023-24
20240310,2024-03-10,10,3,March,Q1,2024,10,Sunday,Yes,2023-24
20240311,2024-03-11,11,3,March,Q1,2024,11,Monday,No,2023-24
20240312,2024-03-12,12,3,March,Q1,2024,11,Tuesday,No,2023-24
20240313,2024-03-13,13,3,March,Q1,2024,11,Wednesday,No,2023-24
20240314,2024-03-14,14,3,March,Q1,2024,11,Thursday,No,2023-24
20240315,2024-03-15,15,3,March,Q1,2024,11,Friday,No,2023-24
20240316,2024-03-16,16,3,March,Q1,2024,11,Saturday,Yes,2023-24
20240317,2024-03-17,17,3,March,Q1,2024,11,Sunday,Yes,2023-24
20240318,2024-03-18,18,3,March,Q1,2024,12,Monday,No,2023-24
20240319,2024-03-19,19,3,March,Q1,2024,12,Tuesday,No,2023-24
20240320,2024-03-20,20,3,March,Q1,2024,12,Wednesday,No,2023-24
20240321,2024-03-21,21,3,March,Q1,2024,12,Thursday,No,2023-24
20240322,2024-03-22,22,3,March,Q1,2024,12,Friday,No,2023-24
20240323,2024-03-23,23,3,March,Q1,2024,12,Saturday,Yes,2023-24
20240324,2024-03-24,24,3,March,Q1,2024,12,Sunday,Yes,2023-24
20240325,2024-03-25,25,3,March,Q1,2024,13,Monday,No,2023-24
20240326,2024-03-26,26,3,March,Q1,2024,13,Tuesday,No,2023-24
20240327,2024-03-27,27,3,March,Q1,2024,13,Wednesday,No,2023-24
20240328,2024-03-28,28,3,March,Q1,2024,13,Thursday,No,2023-24
20240329,2024-03-29,29,3,March,Q1,2024,13,Friday,No,2023-24
20240330,2024-03-30,30,3,March,Q1,2024,13,Saturday,Yes,2023-24
20240331,2024-03-31,31,3,March,Q1,2024,13,Sunday,Yes,2023-24
20240401,2024-04-01,1,4,April,Q2,2024,14,Monday,No,2024-25
20240402,2024-04-02,2,4,April,Q2,2024,14,Tuesday,No,2024-25
20240403,2024-04-03,3,4,April,Q2,2024,14,Wednesday,No,2024-25
20240404,2024-04-04,4,4,April,Q2,2024,14,Thursday,No,2024-25
20240405,2024-04-05,5,4,April,Q2,2024,14,Friday,No,2024-25
20240406,2024-04-06,6,4,April,Q2,2024,14,Saturday,Yes,2024-25
20240407,2024-04-07,7,4,April,Q2,2024,14,Sunday,Yes,2024-25
20240408,2024-04-08,8,4,April,Q2,2024,15,Monday,No,2024-25
20240409,2024-04-09,9,4,April,Q2,2024,15,Tuesday,No,2024-25
20240410,2024-04-10,10,4,April,Q2,2024,15,Wednesday,No,2024-25
20240411,2024-04-11,11,4,April,Q2,2024,15,Thursday,No,2024-25
20240412,2024-04-12,12,4,April,Q2,2024,15,Friday,No,2024-25
20240413,2024-04-13,13,4,April,Q2,2024,15,Saturday,Yes,2024-25
20240414,2024-04-14,14,4,April,Q2,2024,15,Sunday,Yes,2024-25
20240415,2024-04-15,15,4,April,Q2,2024,16,Monday,No,2024-25
20240416,2024-04-16,16,4,April,Q2,2024,16,Tuesday,No,2024-25
20240417,2024-04-17,17,4,April,Q2,2024,16,Wednesday,No,2024-25
20240418,2024-04-18,18,4,April,Q2,2024,16,Thursday,No,2024-25
20240419,2024-04-19,19,4,April,Q2,2024,16,Friday,No,2024-25
20240420,2024-04-20,20,4,April,Q2,2024,16,Saturday,Yes,2024-25
20240421,2024-04-21,21,4,April,Q2,2024,16,Sunday,Yes,2024-25
20240422,2024-04-22,22,4,April,Q2,2024,17,Monday,No,2024-25
20240423,2024-04-23,23,4,April,Q2,2024,17,Tuesday,No,2024-25
20240424,2024-04-24,24,4,April,Q2,2024,17,Wednesday,No,2024-25
20240425,2024-04-25,25,4,April,Q2,2024,17,Thursday,No,2024-25
20240426,2024-04-26,26,4,April,Q2,2024,17,Friday,No,2024-25
20240427,2024-04-27,27,4,April,Q2,2024,17,Saturday,Yes,2024-25
20240428,2024-04-28,28,4,April,Q2,2024,17,Sunday,Yes,2024-25
20240429,2024-04-29,29,4,April,Q2,2024,18,Monday,No,2024-25
20240430,2024-04-30,30,4,April,Q2,2024,18,Tuesday,No,2024-25
20240501,2024-05-01,1,5,May,Q2,2024,18,Wednesday,No,2024-25
20240502,2024-05-02,2,5,May,Q2,2024,18,Thursday,No,2024-25
20240503,2024-05-03,3,5,May,Q2,2024,18,Friday,No,2024-25
20240504,2024-05-04,4,5,May,Q2,2024,18,Saturday,Yes,2024-25
20240505,2024-05-05,5,5,May,Q2,2024,18,Sunday,Yes,2024-25
20240506,2024-05-06,6,5,May,Q2,2024,19,Monday,No,2024-25
20240507,2024-05-07,7,5,May,Q2,2024,19,Tuesday,No,2024-25
20240508,2024-05-08,8,5,May,Q2,2024,19,Wednesday,No,2024-25
20240509,2024-05-09,9,5,May,Q2,2024,19,Thursday,No,2024-25
20240510,2024-05-10,10,5,May,Q2,2024,19,Friday,No,2024-25
20240511,2024-05-11,11,5,May,Q2,2024,19,Saturday,Yes,2024-25
20240512,2024-05-12,12,5,May,Q2,2024,19,Sunday,Yes,2024-25
20240513,2024-05-13,13,5,May,Q2,2024,20,Monday,No,2024-25
20240514,2024-05-14,14,5,May,Q2,2024,20,Tuesday,No,2024-25
20240515,2024-05-15,15,5,May,Q2,2024,20,Wednesday,No,2024-25
20240516,2024-05-16,16,5,May,Q2,2024,20,Thursday,No,2024-25
20240517,2024-05-17,17,5,May,Q2,2024,20,Friday,No,2024-25
20240518,2024-05-18,18,5,May,Q2,2024,20,Saturday,Yes,2024-25
20240519,2024-05-19,19,5,May,Q2,2024,20,Sunday,Yes,2024-25
20240520,2024-05-20,20,5,May,Q2,2024,21,Monday,No,2024-25
20240521,2024-05-21,21,5,May,Q2,2024,21,Tuesday,No,2024-25
20240522,2024-05-22,22,5,May,Q2,2024,21,Wednesday,No,2024-25
20240523,2024-05-23,23,5,May,Q2,2024,21,Thursday,No,2024-25
20240524,2024-05-24,24,5,May,Q2,2024,21,Friday,No,2024-25
20240525,2024-05-25,25,5,May,Q2,2024,21,Saturday,Yes,2024-25
20240526,2024-05-26,26,5,May,Q2,2024,21,Sunday,Yes,2024-25
20240527,2024-05-27,27,5,May,Q2,2024,22,Monday,No,2024-25
20240528,2024-05-28,28,5,May,Q2,2024,22,Tuesday,No,2024-25
20240529,2024-05-29,29,5,May,Q2,2024,22,Wednesday,No,2024-25
20240530,2024-05-30,30,5,May,Q2,2024,22,Thursday,No,2024-25
20240531,2024-05-31,31,5,May,Q2,2024,22,Friday,No,2024-25
20240601,2024-06-01,1,6,June,Q2,2024,22,Saturday,Yes,2024-25
20240602,2024-06-02,2,6,June,Q2,2024,22,Sunday,Yes,2024-25
20240603,2024-06-03,3,6,June,Q2,2024,23,Monday,No,2024-25
20240604,2024-06-04,4,6,June,Q2,2024,23,Tuesday,No,2024-25
20240605,2024-06-05,5,6,June,Q2,2024,23,Wednesday,No,2024-25
20240606,2024-06-06,6,6,June,Q2,2024,23,Thursday,No,2024-25
20240607,2024-06-07,7,6,June,Q2,2024,23,Friday,No,2024-25
20240608,2024-06-08,8,6,June,Q2,2024,23,Saturday,Yes,2024-25
20240609,2024-06-09,9,6,June,Q2,2024,23,Sunday,Yes,2024-25
20240610,2024-06-10,10,6,June,Q2,2024,24,Monday,No,2024-25
20240611,2024-06-11,11,6,June,Q2,2024,24,Tuesday,No,2024-25
20240612,2024-06-12,12,6,June,Q2,2024,24,Wednesday,No,2024-25
20240613,2024-06-13,13,6,June,Q2,2024,24,Thursday,No,2024-25
20240614,2024-06-14,14,6,June,Q2,2024,24,Friday,No,2024-25
20240615,2024-06-15,15,6,June,Q2,2024,24,Saturday,Yes,2024-25
20240616,2024-06-16,16,6,June,Q2,2024,24,Sunday,Yes,2024-25
20240617,2024-06-17,17,6,June,Q2,2024,25,Monday,No,2024-25
20240618,2024-06-18,18,6,June,Q2,2024,25,Tuesday,No,2024-25
20240619,2024-06-19,19,6,June,Q2,2024,25,Wednesday,No,2024-25
20240620,2024-06-20,20,6,June,Q2,2024,25,Thursday,No,2024-25
20240621,2024-06-21,21,6,June,Q2,2024,25,Friday,No,2024-25
20240622,2024-06-22,22,6,June,Q2,2024,25,Saturday,Yes,2024-25
20240623,2024-06-23,23,6,June,Q2,2024,25,Sunday,Yes,2024-25
20240624,2024-06-24,24,6,June,Q2,2024,26,Monday,No,2024-25
20240625,2024-06-25,25,6,June,Q2,2024,26,Tuesday,No,2024-25
20240626,2024-06-26,26,6,June,Q2,2024,26,Wednesday,No,2024-25
20240627,2024-06-27,27,6,June,Q2,2024,26,Thursday,No,2024-25
20240628,2024-06-28,28,6,June,Q2,2024,26,Friday,No,2024-25
20240629,2024-06-29,29,6,June,Q2,2024,26,Saturday,Yes,2024-25
20240630,2024-06-30,30,6,June,Q2,2024,26,Sunday,Yes,2024-25
20240701,2024-07-01,1,7,July,Q3,2024,27,Monday,No,2024-25
20240702,2024-07-02,2,7,July,Q3,2024,27,Tuesday,No,2024-25
20240703,2024-07-03,3,7,July,Q3,2024,27,Wednesday,No,2024-25
20240704,2024-07-04,4,7,July,Q3,2024,27,Thursday,No,2024-25
20240705,2024-07-05,5,7,July,Q3,2024,27,Friday,No,2024-25
20240706,2024-07-06,6,7,July,Q3,2024,27,Saturday,Yes,2024-25
20240707,2024-07-07,7,7,July,Q3,2024,27,Sunday,Yes,2024-25
20240708,2024-07-08,8,7,July,Q3,2024,28,Monday,No,2024-25
20240709,2024-07-09,9,7,July,Q3,2024,28,Tuesday,No,2024-25
20240710,2024-07-10,10,7,July,Q3,2024,28,Wednesday,No,2024-25
20240711,2024-07-11,11,7,July,Q3,2024,28,Thursday,No,2024-25
20240712,2024-07-12,12,7,July,Q3,2024,28,Friday,No,2024-25
20240713,2024-07-13,13,7,July,Q3,2024,28,Saturday,Yes,2024-25
20240714,2024-07-14,14,7,July,Q3,2024,28,Sunday,Yes,2024-25
20240715,2024-07-15,15,7,July,Q3,2024,29,Monday,No,2024-25
20240716,2024-07-16,16,7,July,Q3,2024,29,Tuesday,No,2024-25
20240717,2024-07-17,17,7,July,Q3,2024,29,Wednesday,No,2024-25
20240718,2024-07-18,18,7,July,Q3,2024,29,Thursday,No,2024-25
20240719,2024-07-19,19,7,July,Q3,2024,29,Friday,No,2024-25
20240720,2024-07-20,20,7,July,Q3,2024,29,Saturday,Yes,2024-25
20240721,2024-07-21,21,7,July,Q3,2024,29,Sunday,Yes,2024-25
20240722,2024-07-22,22,7,July,Q3,2024,30,Monday,No,2024-25
20240723,2024-07-23,23,7,July,Q3,2024,30,Tuesday,No,2024-25
20240724,2024-07-24,24,7,July,Q3,2024,30,Wednesday,No,2024-25
20240725,2024-07-25,25,7,July,Q3,2024,30,Thursday,No,2024-25
20240726,2024-07-26,26,7,July,Q3,2024,30,Friday,No,2024-25
20240727,2024-07-27,27,7,July,Q3,2024,30,Saturday,Yes,2024-25
20240728,2024-07-28,28,7,July,Q3,2024,30,Sunday,Yes,2024-25
20240729,2024-07-29,29,7,July,Q3,2024,31,Monday,No,2024-25
20240730,2024-07-30,30,7,July,Q3,2024,31,Tuesday,No,2024-25
20240731,2024-07-31,31,7,July,Q3,2024,31,Wednesday,No,2024-25
20240801,2024-08-01,1,8,August,Q3,2024,31,Thursday,No,2024-25
20240802,2024-08-02,2,8,August,Q3,2024,31,Friday,No,2024-25
20240803,2024-08-03,3,8,August,Q3,2024,31,Saturday,Yes,2024-25
20240804,2024-08-04,4,8,August,Q3,2024,31,Sunday,Yes,2024-25
20240805,2024-08-05,5,8,August,Q3,2024,32,Monday,No,2024-25
20240806,2024-08-06,6,8,August,Q3,2024,32,Tuesday,No,2024-25
20240807,2024-08-07,7,8,August,Q3,2024,32,Wednesday,No,2024-25
20240808,2024-08-08,8,8,August,Q3,2024,32,Thursday,No,2024-25
20240809,2024-08-09,9,8,August,Q3,2024,32,Friday,No,2024-25
20240810,2024-08-10,10,8,August,Q3,2024,32,Saturday,Yes,2024-25
20240811,2024-08-11,11,8,August,Q3,2024,32,Sunday,Yes,2024-25
20240812,2024-08-12,12,8,August,Q3,2024,33,Monday,No,2024-25
20240813,2024-08-13,13,8,August,Q3,2024,33,Tuesday,No,2024-25
20240814,2024-08-14,14,8,August,Q3,2024,33,Wednesday,No,2024-25
20240815,2024-08-15,15,8,August,Q3,2024,33,Thursday,No,2024-25
20240816,2024-08-16,16,8,August,Q3,2024,33,Friday,No,2024-25
20240817,2024-08-17,17,8,August,Q3,2024,33,Saturday,Yes,2024-25
20240818,2024-08-18,18,8,August,Q3,2024,33,Sunday,Yes,2024-25
20240819,2024-08-19,19,8,August,Q3,2024,34,Monday,No,2024-25
20240820,2024-08-20,20,8,August,Q3,2024,34,Tuesday,No,2024-25
20240821,2024-08-21,21,8,August,Q3,2024,34,Wednesday,No,2024-25
20240822,2024-08-22,22,8,August,Q3,2024,34,Thursday,No,2024-25
20240823,2024-08-23,23,8,August,Q3,2024,34,Friday,No,2024-25
20240824,2024-08-24,24,8,August,Q3,2024,34,Saturday,Yes,2024-25
20240825,2024-08-25,25,8,August,Q3,2024,34,Sunday,Yes,2024-25
20240826,2024-08-26,26,8,August,Q3,2024,35,Monday,No,2024-25
20240827,2024-08-27,27,8,August,Q3,2024,35,Tuesday,No,2024-25
20240828,2024-08-28,28,8,August,Q3,2024,35,Wednesday,No,2024-25
20240829,2024-08-29,29,8,August,Q3,2024,35,Thursday,No,2024-25
20240830,2024-08-30,30,8,August,Q3,2024,35,Friday,No,2024-25
20240831,2024-08-31,31,8,August,Q3,2024,35,Saturday,Yes,2024-25
20240901,2024-09-01,1,9,September,Q3,2024,35,Sunday,Yes,2024-25
20240902,2024-09-02,2,9,September,Q3,2024,36,Monday,No,2024-25
20240903,2024-09-03,3,9,September,Q3,2024,36,Tuesday,No,2024-25
20240904,2024-09-04,4,9,September,Q3,2024,36,Wednesday,No,2024-25
20240905,2024-09-05,5,9,September,Q3,2024,36,Thursday,No,2024-25
20240906,2024-09-06,6,9,September,Q3,2024,36,Friday,No,2024-25
20240907,2024-09-07,7,9,September,Q3,2024,36,Saturday,Yes,2024-25
20240908,2024-09-08,8,9,September,Q3,2024,36,Sunday,Yes,2024-25
20240909,2024-09-09,9,9,September,Q3,2024,37,Monday,No,2024-25
20240910,2024-09-10,10,9,September,Q3,2024,37,Tuesday,No,2024-25
20240911,2024-09-11,11,9,September,Q3,2024,37,Wednesday,No,2024-25
20240912,2024-09-12,12,9,September,Q3,2024,37,Thursday,No,2024-25
20240913,2024-09-13,13,9,September,Q3,2024,37,Friday,No,2024-25
20240914,2024-09-14,14,9,September,Q3,2024,37,Saturday,Yes,2024-25
20240915,2024-09-15,15,9,September,Q3,2024,37,Sunday,Yes,2024-25
20240916,2024-09-16,16,9,September,Q3,2024,38,Monday,No,2024-25
20240917,2024-09-17,17,9,September,Q3,2024,38,Tuesday,No,2024-25
20240918,2024-09-18,18,9,September,Q3,2024,38,Wednesday,No,2024-25
20240919,2024-09-19,19,9,September,Q3,2024,38,Thursday,No,2024-25
20240920,2024-09-20,20,9,September,Q3,2024,38,Friday,No,2024-25
20240921,2024-09-21,21,9,September,Q3,2024,38,Saturday,Yes,2024-25
20240922,2024-09-22,22,9,September,Q3,2024,38,Sunday,Yes,2024-25
20240923,2024-09-23,23,9,September,Q3,2024,39,Monday,No,2024-25
20240924,2024-09-24,24,9,September,Q3,2024,39,Tuesday,No,2024-25
20240925,2024-09-25,25,9,September,Q3,2024,39,Wednesday,No,2024-25
20240926,2024-09-26,26,9,September,Q3,2024,39,Thursday,No,2024-25
20240927,2024-09-27,27,9,September,Q3,2024,39,Friday,No,2024-25
20240928,2024-09-28,28,9,September,Q3,2024,39,Saturday,Yes,2024-25
20240929,2024-09-29,29,9,September,Q3,2024,39,Sunday,Yes,2024-25
20240930,2024-09-30,30,9,September,Q3,2024,40,Monday,No,2024-25
20241001,2024-10-01,1,10,October,Q4,2024,40,Tuesday,No,2024-25
20241002,2024-10-02,2,10,October,Q4,2024,40,Wednesday,No,2024-25
20241003,2024-10-03,3,10,October,Q4,2024,40,Thursday,No,2024-25
20241004,2024-10-04,4,10,October,Q4,2024,40,Friday,No,2024-25
20241005,2024-10-05,5,10,October,Q4,2024,40,Saturday,Yes,2024-25
20241006,2024-10-06,6,10,October,Q4,2024,40,Sunday,Yes,2024-25
20241007,2024-10-07,7,10,October,Q4,2024,41,Monday,No,2024-25
20241008,2024-10-08,8,10,October,Q4,2024,41,Tuesday,No,2024-25
20241009,2024-10-09,9,10,October,Q4,2024,41,Wednesday,No,2024-25
20241010,2024-10-10,10,10,October,Q4,2024,41,Thursday,No,2024-25
20241011,2024-10-11,11,10,October,Q4,2024,41,Friday,No,2024-25
20241012,2024-10-12,12,10,October,Q4,2024,41,Saturday,Yes,2024-25
20241013,2024-10-13,13,10,October,Q4,2024,41,Sunday,Yes,2024-25
20241014,2024-10-14,14,10,October,Q4,2024,42,Monday,No,2024-25
20241015,2024-10-15,15,10,October,Q4,2024,42,Tuesday,No,2024-25
20241016,2024-10-16,16,10,October,Q4,2024,42,Wednesday,No,2024-25
20241017,2024-10-17,17,10,October,Q4,2024,42,Thursday,No,2024-25
20241018,2024-10-18,18,10,October,Q4,2024,42,Friday,No,2024-25
20241019,2024-10-19,19,10,October,Q4,2024,42,Saturday,Yes,2024-25
20241020,2024-10-20,20,10,October,Q4,2024,42,Sunday,Yes,2024-25
20241021,2024-10-21,21,10,October,Q4,2024,43,Monday,No,2024-25
20241022,2024-10-22,22,10,October,Q4,2024,43,Tuesday,No,2024-25
20241023,2024-10-23,23,10,October,Q4,2024,43,Wednesday,No,2024-25
20241024,2024-10-24,24,10,October,Q4,2024,43,Thursday,No,2024-25
20241025,2024-10-25,25,10,October,Q4,2024,43,Friday,No,2024-25
20241026,2024-10-26,26,10,October,Q4,2024,43,Saturday,Yes,2024-25
20241027,2024-10-27,27,10,October,Q4,2024,43,Sunday,Yes,2024-25
20241028,2024-10-28,28,10,October,Q4,2024,44,Monday,No,2024-25
20241029,2024-10-29,29,10,October,Q4,2024,44,Tuesday,No,2024-25
20241030,2024-10-30,30,10,October,Q4,2024,44,Wednesday,No,2024-25
20241031,2024-10-31,31,10,October,Q4,2024,44,Thursday,No,2024-25
20241101,2024-11-01,1,11,November,Q4,2024,44,Friday,No,2024-25
20241102,2024-11-02,2,11,November,Q4,2024,44,Saturday,Yes,2024-25
20241103,2024-11-03,3,11,November,Q4,2024,44,Sunday,Yes,2024-25
20241104,2024-11-04,4,11,November,Q4,2024,45,Monday,No,2024-25
20241105,2024-11-05,5,11,November,Q4,2024,45,Tuesday,No,2024-25
20241106,2024-11-06,6,11,November,Q4,2024,45,Wednesday,No,2024-25
20241107,2024-11-07,7,11,November,Q4,2024,45,Thursday,No,2024-25
20241108,2024-11-08,8,11,November,Q4,2024,45,Friday,No,2024-25
20241109,2024-11-09,9,11,November,Q4,2024,45,Saturday,Yes,2024-25
20241110,2024-11-10,10,11,November,Q4,2024,45,Sunday,Yes,2024-25
20241111,2024-11-11,11,11,November,Q4,2024,46,Monday,No,2024-25
20241112,2024-11-12,12,11,November,Q4,2024,46,Tuesday,No,2024-25
20241113,2024-11-13,13,11,November,Q4,2024,46,Wednesday,No,2024-25
20241114,2024-11-14,14,11,November,Q4,2024,46,Thursday,No,2024-25
20241115,2024-11-15,15,11,November,Q4,2024,46,Friday,No,2024-25
20241116,2024-11-16,16,11,November,Q4,2024,46,Saturday,Yes,2024-25
20241117,2024-11-17,17,11,November,Q4,2024,46,Sunday,Yes,2024-25
20241118,2024-11-18,18,11,November,Q4,2024,47,Monday,No,2024-25
20241119,2024-11-19,19,11,November,Q4,2024,47,Tuesday,No,2024-25
20241120,2024-11-20,20,11,November,Q4,2024,47,Wednesday,No,2024-25
20241121,2024-11-21,21,11,November,Q4,2024,47,Thursday,No,2024-25
20241122,2024-11-22,22,11,November,Q4,2024,47,Friday,No,2024-25
20241123,2024-11-23,23,11,November,Q4,2024,47,Saturday,Yes,2024-25
20241124,2024-11-24,24,11,November,Q4,2024,47,Sunday,Yes,2024-25
20241125,2024-11-25,25,11,November,Q4,2024,48,Monday,No,2024-25
20241126,2024-11-26,26,11,November,Q4,2024,48,Tuesday,No,2024-25
20241127,2024-11-27,27,11,November,Q4,2024,48,Wednesday,No,2024-25
20241128,2024-11-28,28,11,November,Q4,2024,48,Thursday,No,2024-25
20241129,2024-11-29,29,11,November,Q4,2024,48,Friday,No,2024-25
20241130,2024-11-30,30,11,November,Q4,2024,48,Saturday,Yes,2024-25
20241201,2024-12-01,1,12,December,Q4,2024,48,Sunday,Yes,2024-25
20241202,2024-12-02,2,12,December,Q4,2024,49,Monday,No,2024-25
20241203,2024-12-03,3,12,December,Q4,2024,49,Tuesday,No,2024-25
20241204,2024-12-04,4,12,December,Q4,2024,49,Wednesday,No,2024-25
20241205,2024-12-05,5,12,December,Q4,2024,49,Thursday,No,2024-25
20241206,2024-12-06,6,12,December,Q4,2024,49,Friday,No,2024-25
20241207,2024-12-07,7,12,December,Q4,2024,49,Saturday,Yes,2024-25
20241208,2024-12-08,8,12,December,Q4,2024,49,Sunday,Yes,2024-25
20241209,2024-12-09,9,12,December,Q4,2024,50,Monday,No,2024-25
20241210,2024-12-10,10,12,December,Q4,2024,50,Tuesday,No,2024-25
20241211,2024-12-11,11,12,December,Q4,2024,50,Wednesday,No,2024-25
20241212,2024-12-12,12,12,December,Q4,2024,50,Thursday,No,2024-25
20241213,2024-12-13,13,12,December,Q4,2024,50,Friday,No,2024-25
20241214,2024-12-14,14,12,December,Q4,2024,50,Saturday,Yes,2024-25
20241215,2024-12-15,15,12,December,Q4,2024,50,Sunday,Yes,2024-25
20241216,2024-12-16,16,12,December,Q4,2024,51,Monday,No,2024-25
20241217,2024-12-17,17,12,December,Q4,2024,51,Tuesday,No,2024-25
20241218,2024-12-18,18,12,December,Q4,2024,51,Wednesday,No,2024-25
20241219,2024-12-19,19,12,December,Q4,2024,51,Thursday,No,2024-25
20241220,2024-12-20,20,12,December,Q4,2024,51,Friday,No,2024-25
20241221,2024-12-21,21,12,December,Q4,2024,51,Saturday,Yes,2024-25
20241222,2024-12-22,22,12,December,Q4,2024,51,Sunday,Yes,2024-25
20241223,2024-12-23,23,12,December,Q4,2024,52,Monday,No,2024-25
20241224,2024-12-24,24,12,December,Q4,2024,52,Tuesday,No,2024-25
20241225,2024-12-25,25,12,December,Q4,2024,52,Wednesday,No,2024-25
20241226,2024-12-26,26,12,December,Q4,2024,52,Thursday,No,2024-25
20241227,2024-12-27,27,12,December,Q4,2024,52,Friday,No,2024-25
20241228,2024-12-28,28,12,December,Q4,2024,52,Saturday,Yes,2024-25
20241229,2024-12-29,29,12,December,Q4,2024,52,Sunday,Yes,2024-25
20241230,2024-12-30,30,12,December,Q4,2024,1,Monday,No,2024-25
20241231,2024-12-31,31,12,December,Q4,2024,1,Tuesday,No,2024-25
20250101,2025-01-01,1,1,January,Q1,2025,1,Wednesday,No,2024-25
20250102,2025-01-02,2,1,January,Q1,2025,1,Thursday,No,2024-25
20250103,2025-01-03,3,1,January,Q1,2025,1,Friday,No,2024-25
20250104,2025-01-04,4,1,January,Q1,2025,1,Saturday,Yes,2024-25
20250105,2025-01-05,5,1,January,Q1,2025,1,Sunday,Yes,2024-25
20250106,2025-01-06,6,1,January,Q1,2025,2,Monday,No,2024-25
20250107,2025-01-07,7,1,January,Q1,2025,2,Tuesday,No,2024-25
20250108,2025-01-08,8,1,January,Q1,2025,2,Wednesday,No,2024-25
20250109,2025-01-09,9,1,January,Q1,2025,2,Thursday,No,2024-25
20250110,2025-01-10,10,1,January,Q1,2025,2,Friday,No,2024-25
20250111,2025-01-11,11,1,January,Q1,2025,2,Saturday,Yes,2024-25
20250112,2025-01-12,12,1,January,Q1,2025,2,Sunday,Yes,2024-25
20250113,2025-01-13,13,1,January,Q1,2025,3,Monday,No,2024-25
20250114,2025-01-14,14,1,January,Q1,2025,3,Tuesday,No,2024-25
20250115,2025-01-15,15,1,January,Q1,2025,3,Wednesday,No,2024-25
20250116,2025-01-16,16,1,January,Q1,2025,3,Thursday,No,2024-25
20250117,2025-01-17,17,1,January,Q1,2025,3,Friday,No,2024-25
20250118,2025-01-18,18,1,January,Q1,2025,3,Saturday,Yes,2024-25
20250119,2025-01-19,19,1,January,Q1,2025,3,Sunday,Yes,2024-25
20250120,2025-01-20,20,1,January,Q1,2025,4,Monday,No,2024-25
20250121,2025-01-21,21,1,January,Q1,2025,4,Tuesday,No,2024-25
20250122,2025-01-22,22,1,January,Q1,2025,4,Wednesday,No,2024-25
20250123,2025-01-23,23,1,January,Q1,2025,4,Thursday,No,2024-25
20250124,2025-01-24,24,1,January,Q1,2025,4,Friday,No,2024-25
20250125,2025-01-25,25,1,January,Q1,2025,4,Saturday,Yes,2024-25
20250126,2025-01-26,26,1,January,Q1,2025,4,Sunday,Yes,2024-25
20250127,2025-01-27,27,1,January,Q1,2025,5,Monday,No,2024-25
20250128,2025-01-28,28,1,January,Q1,2025,5,Tuesday,No,2024-25
20250129,2025-01-29,29,1,January,Q1,2025,5,Wednesday,No,2024-25
20250130,2025-01-30,30,1,January,Q1,2025,5,Thursday,No,2024-25
20250131,2025-01-31,31,1,January,Q1,2025,5,Friday,No,2024-25
20250201,2025-02-01,1,2,February,Q1,2025,5,Saturday,Yes,2024-25
20250202,2025-02-02,2,2,February,Q1,2025,5,Sunday,Yes,2024-25
20250203,2025-02-03,3,2,February,Q1,2025,6,Monday,No,2024-25
20250204,2025-02-04,4,2,February,Q1,2025,6,Tuesday,No,2024-25
20250205,2025-02-05,5,2,February,Q1,2025,6,Wednesday,No,2024-25
20250206,2025-02-06,6,2,February,Q1,2025,6,Thursday,No,2024-25
20250207,2025-02-07,7,2,February,Q1,2025,6,Friday,No,2024-25
20250208,2025-02-08,8,2,February,Q1,2025,6,Saturday,Yes,2024-25
20250209,2025-02-09,9,2,February,Q1,2025,6,Sunday,Yes,2024-25
20250210,2025-02-10,10,2,February,Q1,2025,7,Monday,No,2024-25
20250211,2025-02-11,11,2,February,Q1,2025,7,Tuesday,No,2024-25
20250212,2025-02-12,12,2,February,Q1,2025,7,Wednesday,No,2024-25
20250213,2025-02-13,13,2,February,Q1,2025,7,Thursday,No,2024-25
20250214,2025-02-14,14,2,February,Q1,2025,7,Friday,No,2024-25
20250215,2025-02-15,15,2,February,Q1,2025,7,Saturday,Yes,2024-25
20250216,2025-02-16,16,2,February,Q1,2025,7,Sunday,Yes,2024-25
20250217,2025-02-17,17,2,February,Q1,2025,8,Monday,No,2024-25
20250218,2025-02-18,18,2,February,Q1,2025,8,Tuesday,No,2024-25
20250219,2025-02-19,19,2,February,Q1,2025,8,Wednesday,No,2024-25
20250220,2025-02-20,20,2,February,Q1,2025,8,Thursday,No,2024-25
20250221,2025-02-21,21,2,February,Q1,2025,8,Friday,No,2024-25
20250222,2025-02-22,22,2,February,Q1,2025,8,Saturday,Yes,2024-25
20250223,2025-02-23,23,2,February,Q1,2025,8,Sunday,Yes,2024-25
20250224,2025-02-24,24,2,February,Q1,2025,9,Monday,No,2024-25
20250225,2025-02-25,25,2,February,Q1,2025,9,Tuesday,No,2024-25
20250226,2025-02-26,26,2,February,Q1,2025,9,Wednesday,No,2024-25
20250227,2025-02-27,27,2,February,Q1,2025,9,Thursday,No,2024-25
20250228,2025-02-28,28,2,February,Q1,2025,9,Friday,No,2024-25
20250301,2025-03-01,1,3,March,Q1,2025,9,Saturday,Yes,2024-25
20250302,2025-03-02,2,3,March,Q1,2025,9,Sunday,Yes,2024-25
20250303,2025-03-03,3,3,March,Q1,2025,10,Monday,No,2024-25
20250304,2025-03-04,4,3,March,Q1,2025,10,Tuesday,No,2024-25
20250305,2025-03-05,5,3,March,Q1,2025,10,Wednesday,No,2024-25
20250306,2025-03-06,6,3,March,Q1,2025,10,Thursday,No,2024-25
20250307,2025-03-07,7,3,March,Q1,2025,10,Friday,No,2024-25
20250308,2025-03-08,8,3,March,Q1,2025,10,Saturday,Yes,2024-25
20250309,2025-03-09,9,3,March,Q1,2025,10,Sunday,Yes,2024-25
20250310,2025-03-10,10,3,March,Q1,2025,11,Monday,No,2024-25
20250311,2025-03-11,11,3,March,Q1,2025,11,Tuesday,No,2024-25
20250312,2025-03-12,12,3,March,Q1,2025,11,Wednesday,No,2024-25
20250313,2025-03-13,13,3,March,Q1,2025,11,Thursday,No,2024-25
20250314,2025-03-14,14,3,March,Q1,2025,11,Friday,No,2024-25
20250315,2025-03-15,15,3,March,Q1,2025,11,Saturday,Yes,2024-25
20250316,2025-03-16,16,3,March,Q1,2025,11,Sunday,Yes,2024-25
20250317,2025-03-17,17,3,March,Q1,2025,12,Monday,No,2024-25
20250318,2025-03-18,18,3,March,Q1,2025,12,Tuesday,No,2024-25
20250319,2025-03-19,19,3,March,Q1,2025,12,Wednesday,No,2024-25
20250320,2025-03-20,20,3,March,Q1,2025,12,Thursday,No,2024-25
20250321,2025-03-21,21,3,March,Q1,2025,12,Friday,No,2024-25
20250322,2025-03-22,22,3,March,Q1,2025,12,Saturday,Yes,2024-25
20250323,2025-03-23,23,3,March,Q1,2025,12,Sunday,Yes,2024-25
20250324,2025-03-24,24,3,March,Q1,2025,13,Monday,No,2024-25
20250325,2025-03-25,25,3,March,Q1,2025,13,Tuesday,No,2024-25
20250326,2025-03-26,26,3,March,Q1,2025,13,Wednesday,No,2024-25
20250327,2025-03-27,27,3,March,Q1,2025,13,Thursday,No,2024-25
20250328,2025-03-28,28,3,March,Q1,2025,13,Friday,No,2024-25
20250329,2025-03-29,29,3,March,Q1,2025,13,Saturday,Yes,2024-25
20250330,2025-03-30,30,3,March,Q1,2025,13,Sunday,Yes,2024-25
20250331,2025-03-31,31,3,March,Q1,2025,14,Monday,No,2024-25
20250401,2025-04-01,1,4,April,Q2,2025,14,Tuesday,No,2025-26
20250402,2025-04-02,2,4,April,Q2,2025,14,Wednesday,No,2025-26
20250403,2025-04-03,3,4,April,Q2,2025,14,Thursday,No,2025-26
20250404,2025-04-04,4,4,April,Q2,2025,14,Friday,No,2025-26
20250405,2025-04-05,5,4,April,Q2,2025,14,Saturday,Yes,2025-26
20250406,2025-04-06,6,4,April,Q2,2025,14,Sunday,Yes,2025-26
20250407,2025-04-07,7,4,April,Q2,2025,15,Monday,No,2025-26
20250408,2025-04-08,8,4,April,Q2,2025,15,Tuesday,No,2025-26
20250409,2025-04-09,9,4,April,Q2,2025,15,Wednesday,No,2025-26
20250410,2025-04-10,10,4,April,Q2,2025,15,Thursday,No,2025-26
20250411,2025-04-11,11,4,April,Q2,2025,15,Friday,No,2025-26
20250412,2025-04-12,12,4,April,Q2,2025,15,Saturday,Yes,2025-26
20250413,2025-04-13,13,4,April,Q2,2025,15,Sunday,Yes,2025-26
20250414,2025-04-14,14,4,April,Q2,2025,16,Monday,No,2025-26
20250415,2025-04-15,15,4,April,Q2,2025,16,Tuesday,No,2025-26
20250416,2025-04-16,16,4,April,Q2,2025,16,Wednesday,No,2025-26
20250417,2025-04-17,17,4,April,Q2,2025,16,Thursday,No,2025-26
20250418,2025-04-18,18,4,April,Q2,2025,16,Friday,No,2025-26
20250419,2025-04-19,19,4,April,Q2,2025,16,Saturday,Yes,2025-26
20250420,2025-04-20,20,4,April,Q2,2025,16,Sunday,Yes,2025-26
20250421,2025-04-21,21,4,April,Q2,2025,17,Monday,No,2025-26
20250422,2025-04-22,22,4,April,Q2,2025,17,Tuesday,No,2025-26
20250423,2025-04-23,23,4,April,Q2,2025,17,Wednesday,No,2025-26
20250424,2025-04-24,24,4,April,Q2,2025,17,Thursday,No,2025-26
20250425,2025-04-25,25,4,April,Q2,2025,17,Friday,No,2025-26
20250426,2025-04-26,26,4,April,Q2,2025,17,Saturday,Yes,2025-26
20250427,2025-04-27,27,4,April,Q2,2025,17,Sunday,Yes,2025-26
20250428,2025-04-28,28,4,April,Q2,2025,18,Monday,No,2025-26
20250429,2025-04-29,29,4,April,Q2,2025,18,Tuesday,No,2025-26
20250430,2025-04-30,30,4,April,Q2,2025,18,Wednesday,No,2025-26
20250501,2025-05-01,1,5,May,Q2,2025,18,Thursday,No,2025-26
20250502,2025-05-02,2,5,May,Q2,2025,18,Friday,No,2025-26
20250503,2025-05-03,3,5,May,Q2,2025,18,Saturday,Yes,2025-26
20250504,2025-05-04,4,5,May,Q2,2025,18,Sunday,Yes,2025-26
20250505,2025-05-05,5,5,May,Q2,2025,19,Monday,No,2025-26
20250506,2025-05-06,6,5,May,Q2,2025,19,Tuesday,No,2025-26
20250507,2025-05-07,7,5,May,Q2,2025,19,Wednesday,No,2025-26
20250508,2025-05-08,8,5,May,Q2,2025,19,Thursday,No,2025-26
20250509,2025-05-09,9,5,May,Q2,2025,19,Friday,No,2025-26
20250510,2025-05-10,10,5,May,Q2,2025,19,Saturday,Yes,2025-26
20250511,2025-05-11,11,5,May,Q2,2025,19,Sunday,Yes,2025-26
20250512,2025-05-12,12,5,May,Q2,2025,20,Monday,No,2025-26
20250513,2025-05-13,13,5,May,Q2,2025,20,Tuesday,No,2025-26
20250514,2025-05-14,14,5,May,Q2,2025,20,Wednesday,No,2025-26
20250515,2025-05-15,15,5,May,Q2,2025,20,Thursday,No,2025-26
20250516,2025-05-16,16,5,May,Q2,2025,20,Friday,No,2025-26
20250517,2025-05-17,17,5,May,Q2,2025,20,Saturday,Yes,2025-26
20250518,2025-05-18,18,5,May,Q2,2025,20,Sunday,Yes,2025-26
20250519,2025-05-19,19,5,May,Q2,2025,21,Monday,No,2025-26
20250520,2025-05-20,20,5,May,Q2,2025,21,Tuesday,No,2025-26
20250521,2025-05-21,21,5,May,Q2,2025,21,Wednesday,No,2025-26
20250522,2025-05-22,22,5,May,Q2,2025,21,Thursday,No,2025-26
20250523,2025-05-23,23,5,May,Q2,2025,21,Friday,No,2025-26
20250524,2025-05-24,24,5,May,Q2,2025,21,Saturday,Yes,2025-26
20250525,2025-05-25,25,5,May,Q2,2025,21,Sunday,Yes,2025-26
20250526,2025-05-26,26,5,May,Q2,2025,22,Monday,No,2025-26
20250527,2025-05-27,27,5,May,Q2,2025,22,Tuesday,No,2025-26
20250528,2025-05-28,28,5,May,Q2,2025,22,Wednesday,No,2025-26
20250529,2025-05-29,29,5,May,Q2,2025,22,Thursday,No,2025-26
20250530,2025-05-30,30,5,May,Q2,2025,22,Friday,No,2025-26
20250531,2025-05-31,31,5,May,Q2,2025,22,Saturday,Yes,2025-26
20250601,2025-06-01,1,6,June,Q2,2025,22,Sunday,Yes,2025-26
20250602,2025-06-02,2,6,June,Q2,2025,23,Monday,No,2025-26
20250603,2025-06-03,3,6,June,Q2,2025,23,Tuesday,No,2025-26
20250604,2025-06-04,4,6,June,Q2,2025,23,Wednesday,No,2025-26
20250605,2025-06-05,5,6,June,Q2,2025,23,Thursday,No,2025-26
20250606,2025-06-06,6,6,June,Q2,2025,23,Friday,No,2025-26
20250607,2025-06-07,7,6,June,Q2,2025,23,Saturday,Yes,2025-26
20250608,2025-06-08,8,6,June,Q2,2025,23,Sunday,Yes,2025-26
20250609,2025-06-09,9,6,June,Q2,2025,24,Monday,No,2025-26
20250610,2025-06-10,10,6,June,Q2,2025,24,Tuesday,No,2025-26
20250611,2025-06-11,11,6,June,Q2,2025,24,Wednesday,No,2025-26
20250612,2025-06-12,12,6,June,Q2,2025,24,Thursday,No,2025-26
20250613,2025-06-13,13,6,June,Q2,2025,24,Friday,No,2025-26
20250614,2025-06-14,14,6,June,Q2,2025,24,Saturday,Yes,2025-26
20250615,2025-06-15,15,6,June,Q2,2025,24,Sunday,Yes,2025-26
20250616,2025-06-16,16,6,June,Q2,2025,25,Monday,No,2025-26
20250617,2025-06-17,17,6,June,Q2,2025,25,Tuesday,No,2025-26
20250618,2025-06-18,18,6,June,Q2,2025,25,Wednesday,No,2025-26
20250619,2025-06-19,19,6,June,Q2,2025,25,Thursday,No,2025-26
20250620,2025-06-20,20,6,June,Q2,2025,25,Friday,No,2025-26
20250621,2025-06-21,21,6,June,Q2,2025,25,Saturday,Yes,2025-26
20250622,2025-06-22,22,6,June,Q2,2025,25,Sunday,Yes,2025-26
20250623,2025-06-23,23,6,June,Q2,2025,26,Monday,No,2025-26
20250624,2025-06-24,24,6,June,Q2,2025,26,Tuesday,No,2025-26
20250625,2025-06-25,25,6,June,Q2,2025,26,Wednesday,No,2025-26
20250626,2025-06-26,26,6,June,Q2,2025,26,Thursday,No,2025-26
20250627,2025-06-27,27,6,June,Q2,2025,26,Friday,No,2025-26
20250628,2025-06-28,28,6,June,Q2,2025,26,Saturday,Yes,2025-26
20250629,2025-06-29,29,6,June,Q2,2025,26,Sunday,Yes,2025-26
20250630,2025-06-30,30,6,June,Q2,2025,27,Monday,No,2025-26
20250701,2025-07-01,1,7,July,Q3,2025,27,Tuesday,No,2025-26
20250702,2025-07-02,2,7,July,Q3,2025,27,Wednesday,No,2025-26
20250703,2025-07-03,3,7,July,Q3,2025,27,Thursday,No,2025-26
20250704,2025-07-04,4,7,July,Q3,2025,27,Friday,No,2025-26
20250705,2025-07-05,5,7,July,Q3,2025,27,Saturday,Yes,2025-26
20250706,2025-07-06,6,7,July,Q3,2025,27,Sunday,Yes,2025-26
20250707,2025-07-07,7,7,July,Q3,2025,28,Monday,No,2025-26
20250708,2025-07-08,8,7,July,Q3,2025,28,Tuesday,No,2025-26
20250709,2025-07-09,9,7,July,Q3,2025,28,Wednesday,No,2025-26
20250710,2025-07-10,10,7,July,Q3,2025,28,Thursday,No,2025-26
20250711,2025-07-11,11,7,July,Q3,2025,28,Friday,No,2025-26
20250712,2025-07-12,12,7,July,Q3,2025,28,Saturday,Yes,2025-26
20250713,2025-07-13,13,7,July,Q3,2025,28,Sunday,Yes,2025-26
20250714,2025-07-14,14,7,July,Q3,2025,29,Monday,No,2025-26
20250715,2025-07-15,15,7,July,Q3,2025,29,Tuesday,No,2025-26
20250716,2025-07-16,16,7,July,Q3,2025,29,Wednesday,No,2025-26
20250717,2025-07-17,17,7,July,Q3,2025,29,Thursday,No,2025-26
20250718,2025-07-18,18,7,July,Q3,2025,29,Friday,No,2025-26
20250719,2025-07-19,19,7,July,Q3,2025,29,Saturday,Yes,2025-26
20250720,2025-07-20,20,7,July,Q3,2025,29,Sunday,Yes,2025-26
20250721,2025-07-21,21,7,July,Q3,2025,30,Monday,No,2025-26
20250722,2025-07-22,22,7,July,Q3,2025,30,Tuesday,No,2025-26
20250723,2025-07-23,23,7,July,Q3,2025,30,Wednesday,No,2025-26
20250724,2025-07-24,24,7,July,Q3,2025,30,Thursday,No,2025-26
20250725,2025-07-25,25,7,July,Q3,2025,30,Friday,No,2025-26
20250726,2025-07-26,26,7,July,Q3,2025,30,Saturday,Yes,2025-26
20250727,2025-07-27,27,7,July,Q3,2025,30,Sunday,Yes,2025-26
20250728,2025-07-28,28,7,July,Q3,2025,31,Monday,No,2025-26
20250729,2025-07-29,29,7,July,Q3,2025,31,Tuesday,No,2025-26
20250730,2025-07-30,30,7,July,Q3,2025,31,Wednesday,No,2025-26
20250731,2025-07-31,31,7,July,Q3,2025,31,Thursday,No,2025-26
20250801,2025-08-01,1,8,August,Q3,2025,31,Friday,No,2025-26
20250802,2025-08-02,2,8,August,Q3,2025,31,Saturday,Yes,2025-26
20250803,2025-08-03,3,8,August,Q3,2025,31,Sunday,Yes,2025-26
20250804,2025-08-04,4,8,August,Q3,2025,32,Monday,No,2025-26
20250805,2025-08-05,5,8,August,Q3,2025,32,Tuesday,No,2025-26
20250806,2025-08-06,6,8,August,Q3,2025,32,Wednesday,No,2025-26
20250807,2025-08-07,7,8,August,Q3,2025,32,Thursday,No,2025-26
20250808,2025-08-08,8,8,August,Q3,2025,32,Friday,No,2025-26
20250809,2025-08-09,9,8,August,Q3,2025,32,Saturday,Yes,2025-26
20250810,2025-08-10,10,8,August,Q3,2025,32,Sunday,Yes,2025-26
20250811,2025-08-11,11,8,August,Q3,2025,33,Monday,No,2025-26
20250812,2025-08-12,12,8,August,Q3,2025,33,Tuesday,No,2025-26
20250813,2025-08-13,13,8,August,Q3,2025,33,Wednesday,No,2025-26
20250814,2025-08-14,14,8,August,Q3,2025,33,Thursday,No,2025-26
20250815,2025-08-15,15,8,August,Q3,2025,33,Friday,No,2025-26
20250816,2025-08-16,16,8,August,Q3,2025,33,Saturday,Yes,2025-26
20250817,2025-08-17,17,8,August,Q3,2025,33,Sunday,Yes,2025-26
20250818,2025-08-18,18,8,August,Q3,2025,34,Monday,No,2025-26
20250819,2025-08-19,19,8,August,Q3,2025,34,Tuesday,No,2025-26
20250820,2025-08-20,20,8,August,Q3,2025,34,Wednesday,No,2025-26
20250821,2025-08-21,21,8,August,Q3,2025,34,Thursday,No,2025-26
20250822,2025-08-22,22,8,August,Q3,2025,34,Friday,No,2025-26
20250823,2025-08-23,23,8,August,Q3,2025,34,Saturday,Yes,2025-26
20250824,2025-08-24,24,8,August,Q3,2025,34,Sunday,Yes,2025-26
20250825,2025-08-25,25,8,August,Q3,2025,35,Monday,No,2025-26
20250826,2025-08-26,26,8,August,Q3,2025,35,Tuesday,No,2025-26
20250827,2025-08-27,27,8,August,Q3,2025,35,Wednesday,No,2025-26
20250828,2025-08-28,28,8,August,Q3,2025,35,Thursday,No,2025-26
20250829,2025-08-29,29,8,August,Q3,2025,35,Friday,No,2025-26
20250830,2025-08-30,30,8,August,Q3,2025,35,Saturday,Yes,2025-26
20250831,2025-08-31,31,8,August,Q3,2025,35,Sunday,Yes,2025-26
20250901,2025-09-01,1,9,September,Q3,2025,36,Monday,No,2025-26
20250902,2025-09-02,2,9,September,Q3,2025,36,Tuesday,No,2025-26
20250903,2025-09-03,3,9,September,Q3,2025,36,Wednesday,No,2025-26
20250904,2025-09-04,4,9,September,Q3,2025,36,Thursday,No,2025-26
20250905,2025-09-05,5,9,September,Q3,2025,36,Friday,No,2025-26
20250906,2025-09-06,6,9,September,Q3,2025,36,Saturday,Yes,2025-26
20250907,2025-09-07,7,9,September,Q3,2025,36,Sunday,Yes,2025-26
20250908,2025-09-08,8,9,September,Q3,2025,37,Monday,No,2025-26
20250909,2025-09-09,9,9,September,Q3,2025,37,Tuesday,No,2025-26
20250910,2025-09-10,10,9,September,Q3,2025,37,Wednesday,No,2025-26
20250911,2025-09-11,11,9,September,Q3,2025,37,Thursday,No,2025-26
20250912,2025-09-12,12,9,September,Q3,2025,37,Friday,No,2025-26
20250913,2025-09-13,13,9,September,Q3,2025,37,Saturday,Yes,2025-26
20250914,2025-09-14,14,9,September,Q3,2025,37,Sunday,Yes,2025-26
20250915,2025-09-15,15,9,September,Q3,2025,38,Monday,No,2025-26
20250916,2025-09-16,16,9,September,Q3,2025,38,Tuesday,No,2025-26
20250917,2025-09-17,17,9,September,Q3,2025,38,Wednesday,No,2025-26
20250918,2025-09-18,18,9,September,Q3,2025,38,Thursday,No,2025-26
20250919,2025-09-19,19,9,September,Q3,2025,38,Friday,No,2025-26
20250920,2025-09-20,20,9,September,Q3,2025,38,Saturday,Yes,2025-26
20250921,2025-09-21,21,9,September,Q3,2025,38,Sunday,Yes,2025-26
20250922,2025-09-22,22,9,September,Q3,2025,39,Monday,No,2025-26
20250923,2025-09-23,23,9,September,Q3,2025,39,Tuesday,No,2025-26
20250924,2025-09-24,24,9,September,Q3,2025,39,Wednesday,No,2025-26
20250925,2025-09-25,25,9,September,Q3,2025,39,Thursday,No,2025-26
20250926,2025-09-26,26,9,September,Q3,2025,39,Friday,No,2025-26
20250927,2025-09-27,27,9,September,Q3,2025,39,Saturday,Yes,2025-26
20250928,2025-09-28,28,9,September,Q3,2025,39,Sunday,Yes,2025-26
20250929,2025-09-29,29,9,September,Q3,2025,40,Monday,No,2025-26
20250930,2025-09-30,30,9,September,Q3,2025,40,Tuesday,No,2025-26
20251001,2025-10-01,1,10,October,Q4,2025,40,Wednesday,No,2025-26
20251002,2025-10-02,2,10,October,Q4,2025,40,Thursday,No,2025-26
20251003,2025-10-03,3,10,October,Q4,2025,40,Friday,No,2025-26
20251004,2025-10-04,4,10,October,Q4,2025,40,Saturday,Yes,2025-26
20251005,2025-10-05,5,10,October,Q4,2025,40,Sunday,Yes,2025-26
20251006,2025-10-06,6,10,October,Q4,2025,41,Monday,No,2025-26
20251007,2025-10-07,7,10,October,Q4,2025,41,Tuesday,No,2025-26
20251008,2025-10-08,8,10,October,Q4,2025,41,Wednesday,No,2025-26
20251009,2025-10-09,9,10,October,Q4,2025,41,Thursday,No,2025-26
20251010,2025-10-10,10,10,October,Q4,2025,41,Friday,No,2025-26
20251011,2025-10-11,11,10,October,Q4,2025,41,Saturday,Yes,2025-26
20251012,2025-10-12,12,10,October,Q4,2025,41,Sunday,Yes,2025-26
20251013,2025-10-13,13,10,October,Q4,2025,42,Monday,No,2025-26
20251014,2025-10-14,14,10,October,Q4,2025,42,Tuesday,No,2025-26
20251015,2025-10-15,15,10,October,Q4,2025,42,Wednesday,No,2025-26
20251016,2025-10-16,16,10,October,Q4,2025,42,Thursday,No,2025-26
20251017,2025-10-17,17,10,October,Q4,2025,42,Friday,No,2025-26
20251018,2025-10-18,18,10,October,Q4,2025,42,Saturday,Yes,2025-26
20251019,2025-10-19,19,10,October,Q4,2025,42,Sunday,Yes,2025-26
20251020,2025-10-20,20,10,October,Q4,2025,43,Monday,No,2025-26
20251021,2025-10-21,21,10,October,Q4,2025,43,Tuesday,No,2025-26
20251022,2025-10-22,22,10,October,Q4,2025,43,Wednesday,No,2025-26
20251023,2025-10-23,23,10,October,Q4,2025,43,Thursday,No,2025-26
20251024,2025-10-24,24,10,October,Q4,2025,43,Friday,No,2025-26
20251025,2025-10-25,25,10,October,Q4,2025,43,Saturday,Yes,2025-26
20251026,2025-10-26,26,10,October,Q4,2025,43,Sunday,Yes,2025-26
20251027,2025-10-27,27,10,October,Q4,2025,44,Monday,No,2025-26
20251028,2025-10-28,28,10,October,Q4,2025,44,Tuesday,No,2025-26
20251029,2025-10-29,29,10,October,Q4,2025,44,Wednesday,No,2025-26
20251030,2025-10-30,30,10,October,Q4,2025,44,Thursday,No,2025-26
20251031,2025-10-31,31,10,October,Q4,2025,44,Friday,No,2025-26
20251101,2025-11-01,1,11,November,Q4,2025,44,Saturday,Yes,2025-26
20251102,2025-11-02,2,11,November,Q4,2025,44,Sunday,Yes,2025-26
20251103,2025-11-03,3,11,November,Q4,2025,45,Monday,No,2025-26
20251104,2025-11-04,4,11,November,Q4,2025,45,Tuesday,No,2025-26
20251105,2025-11-05,5,11,November,Q4,2025,45,Wednesday,No,2025-26
20251106,2025-11-06,6,11,November,Q4,2025,45,Thursday,No,2025-26
20251107,2025-11-07,7,11,November,Q4,2025,45,Friday,No,2025-26
20251108,2025-11-08,8,11,November,Q4,2025,45,Saturday,Yes,2025-26
20251109,2025-11-09,9,11,November,Q4,2025,45,Sunday,Yes,2025-26
20251110,2025-11-10,10,11,November,Q4,2025,46,Monday,No,2025-26
20251111,2025-11-11,11,11,November,Q4,2025,46,Tuesday,No,2025-26
20251112,2025-11-12,12,11,November,Q4,2025,46,Wednesday,No,2025-26
20251113,2025-11-13,13,11,November,Q4,2025,46,Thursday,No,2025-26
20251114,2025-11-14,14,11,November,Q4,2025,46,Friday,No,2025-26
20251115,2025-11-15,15,11,November,Q4,2025,46,Saturday,Yes,2025-26
20251116,2025-11-16,16,11,November,Q4,2025,46,Sunday,Yes,2025-26
20251117,2025-11-17,17,11,November,Q4,2025,47,Monday,No,2025-26
20251118,2025-11-18,18,11,November,Q4,2025,47,Tuesday,No,2025-26
20251119,2025-11-19,19,11,November,Q4,2025,47,Wednesday,No,2025-26
20251120,2025-11-20,20,11,November,Q4,2025,47,Thursday,No,2025-26
20251121,2025-11-21,21,11,November,Q4,2025,47,Friday,No,2025-26
20251122,2025-11-22,22,11,November,Q4,2025,47,Saturday,Yes,2025-26
20251123,2025-11-23,23,11,November,Q4,2025,47,Sunday,Yes,2025-26
20251124,2025-11-24,24,11,November,Q4,2025,48,Monday,No,2025-26
20251125,2025-11-25,25,11,November,Q4,2025,48,Tuesday,No,2025-26
20251126,2025-11-26,26,11,November,Q4,2025,48,Wednesday,No,2025-26
20251127,2025-11-27,27,11,November,Q4,2025,48,Thursday,No,2025-26
20251128,2025-11-28,28,11,November,Q4,2025,48,Friday,No,2025-26
20251129,2025-11-29,29,11,November,Q4,2025,48,Saturday,Yes,2025-26
20251130,2025-11-30,30,11,November,Q4,2025,48,Sunday,Yes,2025-26
20251201,2025-12-01,1,12,December,Q4,2025,49,Monday,No,2025-26
20251202,2025-12-02,2,12,December,Q4,2025,49,Tuesday,No,2025-26
20251203,2025-12-03,3,12,December,Q4,2025,49,Wednesday,No,2025-26
20251204,2025-12-04,4,12,December,Q4,2025,49,Thursday,No,2025-26
20251205,2025-12-05,5,12,December,Q4,2025,49,Friday,No,2025-26
20251206,2025-12-06,6,12,December,Q4,2025,49,Saturday,Yes,2025-26
20251207,2025-12-07,7,12,December,Q4,2025,49,Sunday,Yes,2025-26
20251208,2025-12-08,8,12,December,Q4,2025,50,Monday,No,2025-26
20251209,2025-12-09,9,12,December,Q4,2025,50,Tuesday,No,2025-26
20251210,2025-12-10,10,12,December,Q4,2025,50,Wednesday,No,2025-26
20251211,2025-12-11,11,12,December,Q4,2025,50,Thursday,No,2025-26
20251212,2025-12-12,12,12,December,Q4,2025,50,Friday,No,2025-26
20251213,2025-12-13,13,12,December,Q4,2025,50,Saturday,Yes,2025-26
20251214,2025-12-14,14,12,December,Q4,2025,50,Sunday,Yes,2025-26
20251215,2025-12-15,15,12,December,Q4,2025,51,Monday,No,2025-26
20251216,2025-12-16,16,12,December,Q4,2025,51,Tuesday,No,2025-26
20251217,2025-12-17,17,12,December,Q4,2025,51,Wednesday,No,2025-26
20251218,2025-12-18,18,12,December,Q4,2025,51,Thursday,No,2025-26
20251219,2025-12-19,19,12,December,Q4,2025,51,Friday,No,2025-26
20251220,2025-12-20,20,12,December,Q4,2025,51,Saturday,Yes,2025-26
20251221,2025-12-21,21,12,December,Q4,2025,51,Sunday,Yes,2025-26
20251222,2025-12-22,22,12,December,Q4,2025,52,Monday,No,2025-26
20251223,2025-12-23,23,12,December,Q4,2025,52,Tuesday,No,2025-26
20251224,2025-12-24,24,12,December,Q4,2025,52,Wednesday,No,2025-26
20251225,2025-12-25,25,12,December,Q4,2025,52,Thursday,No,2025-26
20251226,2025-12-26,26,12,December,Q4,2025,52,Friday,No,2025-26
20251227,2025-12-27,27,12,December,Q4,2025,52,Saturday,Yes,2025-26
20251228,2025-12-28,28,12,December,Q4,2025,52,Sunday,Yes,2025-26
20251229,2025-12-29,29,12,December,Q4,2025,1,Monday,No,2025-26
20251230,2025-12-30,30,12,December,Q4,2025,1,Tuesday,No,2025-26
20251231,2025-12-31,31,12,December,Q4,2025,1,Wednesday,No,2025-26
20260101,2026-01-01,1,1,January,Q1,2026,1,Thursday,No,2025-26
20260102,2026-01-02,2,1,January,Q1,2026,1,Friday,No,2025-26
20260103,2026-01-03,3,1,January,Q1,2026,1,Saturday,Yes,2025-26
20260104,2026-01-04,4,1,January,Q1,2026,1,Sunday,Yes,2025-26
20260105,2026-01-05,5,1,January,Q1,2026,2,Monday,No,2025-26
20260106,2026-01-06,6,1,January,Q1,2026,2,Tuesday,No,2025-26
20260107,2026-01-07,7,1,January,Q1,2026,2,Wednesday,No,2025-26
20260108,2026-01-08,8,1,January,Q1,2026,2,Thursday,No,2025-26
20260109,2026-01-09,9,1,January,Q1,2026,2,Friday,No,2025-26
20260110,2026-01-10,10,1,January,Q1,2026,2,Saturday,Yes,2025-26
20260111,2026-01-11,11,1,January,Q1,2026,2,Sunday,Yes,2025-26
20260112,2026-01-12,12,1,January,Q1,2026,3,Monday,No,2025-26
20260113,2026-01-13,13,1,January,Q1,2026,3,Tuesday,No,2025-26
20260114,2026-01-14,14,1,January,Q1,2026,3,Wednesday,No,2025-26
20260115,2026-01-15,15,1,January,Q1,2026,3,Thursday,No,2025-26
20260116,2026-01-16,16,1,January,Q1,2026,3,Friday,No,2025-26
20260117,2026-01-17,17,1,January,Q1,2026,3,Saturday,Yes,2025-26
20260118,2026-01-18,18,1,January,Q1,2026,3,Sunday,Yes,2025-26
20260119,2026-01-19,19,1,January,Q1,2026,4,Monday,No,2025-26
20260120,2026-01-20,20,1,January,Q1,2026,4,Tuesday,No,2025-26
20260121,2026-01-21,21,1,January,Q1,2026,4,Wednesday,No,2025-26
20260122,2026-01-22,22,1,January,Q1,2026,4,Thursday,No,2025-26
20260123,2026-01-23,23,1,January,Q1,2026,4,Friday,No,2025-26
20260124,2026-01-24,24,1,January,Q1,2026,4,Saturday,Yes,2025-26
20260125,2026-01-25,25,1,January,Q1,2026,4,Sunday,Yes,2025-26
20260126,2026-01-26,26,1,January,Q1,2026,5,Monday,No,2025-26
20260127,2026-01-27,27,1,January,Q1,2026,5,Tuesday,No,2025-26
20260128,2026-01-28,28,1,January,Q1,2026,5,Wednesday,No,2025-26
20260129,2026-01-29,29,1,January,Q1,2026,5,Thursday,No,2025-26
20260130,2026-01-30,30,1,January,Q1,2026,5,Friday,No,2025-26
20260131,2026-01-31,31,1,January,Q1,2026,5,Saturday,Yes,2025-26
20260201,2026-02-01,1,2,February,Q1,2026,5,Sunday,Yes,2025-26
20260202,2026-02-02,2,2,February,Q1,2026,6,Monday,No,2025-26
20260203,2026-02-03,3,2,February,Q1,2026,6,Tuesday,No,2025-26
20260204,2026-02-04,4,2,February,Q1,2026,6,Wednesday,No,2025-26
20260205,2026-02-05,5,2,February,Q1,2026,6,Thursday,No,2025-26
20260206,2026-02-06,6,2,February,Q1,2026,6,Friday,No,2025-26
20260207,2026-02-07,7,2,February,Q1,2026,6,Saturday,Yes,2025-26
20260208,2026-02-08,8,2,February,Q1,2026,6,Sunday,Yes,2025-26
20260209,2026-02-09,9,2,February,Q1,2026,7,Monday,No,2025-26
20260210,2026-02-10,10,2,February,Q1,2026,7,Tuesday,No,2025-26
20260211,2026-02-11,11,2,February,Q1,2026,7,Wednesday,No,2025-26
20260212,2026-02-12,12,2,February,Q1,2026,7,Thursday,No,2025-26
20260213,2026-02-13,13,2,February,Q1,2026,7,Friday,No,2025-26
20260214,2026-02-14,14,2,February,Q1,2026,7,Saturday,Yes,2025-26
20260215,2026-02-15,15,2,February,Q1,2026,7,Sunday,Yes,2025-26
20260216,2026-02-16,16,2,February,Q1,2026,8,Monday,No,2025-26
20260217,2026-02-17,17,2,February,Q1,2026,8,Tuesday,No,2025-26
20260218,2026-02-18,18,2,February,Q1,2026,8,Wednesday,No,2025-26
20260219,2026-02-19,19,2,February,Q1,2026,8,Thursday,No,2025-26
20260220,2026-02-20,20,2,February,Q1,2026,8,Friday,No,2025-26
20260221,2026-02-21,21,2,February,Q1,2026,8,Saturday,Yes,2025-26
20260222,2026-02-22,22,2,February,Q1,2026,8,Sunday,Yes,2025-26
20260223,2026-02-23,23,2,February,Q1,2026,9,Monday,No,2025-26
20260224,2026-02-24,24,2,February,Q1,2026,9,Tuesday,No,2025-26
20260225,2026-02-25,25,2,February,Q1,2026,9,Wednesday,No,2025-26
20260226,2026-02-26,26,2,February,Q1,2026,9,Thursday,No,2025-26
20260227,2026-02-27,27,2,February,Q1,2026,9,Friday,No,2025-26
20260228,2026-02-28,28,2,February,Q1,2026,9,Saturday,Yes,2025-26
20260301,2026-03-01,1,3,March,Q1,2026,9,Sunday,Yes,2025-26
20260302,2026-03-02,2,3,March,Q1,2026,10,Monday,No,2025-26
20260303,2026-03-03,3,3,March,Q1,2026,10,Tuesday,No,2025-26
20260304,2026-03-04,4,3,March,Q1,2026,10,Wednesday,No,2025-26
20260305,2026-03-05,5,3,March,Q1,2026,10,Thursday,No,2025-26
20260306,2026-03-06,6,3,March,Q1,2026,10,Friday,No,2025-26
20260307,2026-03-07,7,3,March,Q1,2026,10,Saturday,Yes,2025-26
20260308,2026-03-08,8,3,March,Q1,2026,10,Sunday,Yes,2025-26
20260309,2026-03-09,9,3,March,Q1,2026,11,Monday,No,2025-26
20260310,2026-03-10,10,3,March,Q1,2026,11,Tuesday,No,2025-26
20260311,2026-03-11,11,3,March,Q1,2026,11,Wednesday,No,2025-26
20260312,2026-03-12,12,3,March,Q1,2026,11,Thursday,No,2025-26
20260313,2026-03-13,13,3,March,Q1,2026,11,Friday,No,2025-26
20260314,2026-03-14,14,3,March,Q1,2026,11,Saturday,Yes,2025-26
20260315,2026-03-15,15,3,March,Q1,2026,11,Sunday,Yes,2025-26
20260316,2026-03-16,16,3,March,Q1,2026,12,Monday,No,2025-26
20260317,2026-03-17,17,3,March,Q1,2026,12,Tuesday,No,2025-26
20260318,2026-03-18,18,3,March,Q1,2026,12,Wednesday,No,2025-26
20260319,2026-03-19,19,3,March,Q1,2026,12,Thursday,No,2025-26
20260320,2026-03-20,20,3,March,Q1,2026,12,Friday,No,2025-26
20260321,2026-03-21,21,3,March,Q1,2026,12,Saturday,Yes,2025-26
20260322,2026-03-22,22,3,March,Q1,2026,12,Sunday,Yes,2025-26
20260323,2026-03-23,23,3,March,Q1,2026,13,Monday,No,2025-26
20260324,2026-03-24,24,3,March,Q1,2026,13,Tuesday,No,2025-26
20260325,2026-03-25,25,3,March,Q1,2026,13,Wednesday,No,2025-26
20260326,2026-03-26,26,3,March,Q1,2026,13,Thursday,No,2025-26
20260327,2026-03-27,27,3,March,Q1,2026,13,Friday,No,2025-26
20260328,2026-03-28,28,3,March,Q1,2026,13,Saturday,Yes,2025-26
20260329,2026-03-29,29,3,March,Q1,2026,13,Sunday,Yes,2025-26
20260330,2026-03-30,30,3,March,Q1,2026,14,Monday,No,2025-26
20260331,2026-03-31,31,3,March,Q1,2026,14,Tuesday,No,2025-26
20260401,2026-04-01,1,4,April,Q2,2026,14,Wednesday,No,2026-27
20260402,2026-04-02,2,4,April,Q2,2026,14,Thursday,No,2026-27
20260403,2026-04-03,3,4,April,Q2,2026,14,Friday,No,2026-27
20260404,2026-04-04,4,4,April,Q2,2026,14,Saturday,Yes,2026-27
20260405,2026-04-05,5,4,April,Q2,2026,14,Sunday,Yes,2026-27
20260406,2026-04-06,6,4,April,Q2,2026,15,Monday,No,2026-27
20260407,2026-04-07,7,4,April,Q2,2026,15,Tuesday,No,2026-27
20260408,2026-04-08,8,4,April,Q2,2026,15,Wednesday,No,2026-27
20260409,2026-04-09,9,4,April,Q2,2026,15,Thursday,No,2026-27
20260410,2026-04-10,10,4,April,Q2,2026,15,Friday,No,2026-27
20260411,2026-04-11,11,4,April,Q2,2026,15,Saturday,Yes,2026-27
20260412,2026-04-12,12,4,April,Q2,2026,15,Sunday,Yes,2026-27
20260413,2026-04-13,13,4,April,Q2,2026,16,Monday,No,2026-27
20260414,2026-04-14,14,4,April,Q2,2026,16,Tuesday,No,2026-27
20260415,2026-04-15,15,4,April,Q2,2026,16,Wednesday,No,2026-27
20260416,2026-04-16,16,4,April,Q2,2026,16,Thursday,No,2026-27
20260417,2026-04-17,17,4,April,Q2,2026,16,Friday,No,2026-27
20260418,2026-04-18,18,4,April,Q2,2026,16,Saturday,Yes,2026-27
20260419,2026-04-19,19,4,April,Q2,2026,16,Sunday,Yes,2026-27
20260420,2026-04-20,20,4,April,Q2,2026,17,Monday,No,2026-27
20260421,2026-04-21,21,4,April,Q2,2026,17,Tuesday,No,2026-27
20260422,2026-04-22,22,4,April,Q2,2026,17,Wednesday,No,2026-27
20260423,2026-04-23,23,4,April,Q2,2026,17,Thursday,No,2026-27
20260424,2026-04-24,24,4,April,Q2,2026,17,Friday,No,2026-27
20260425,2026-04-25,25,4,April,Q2,2026,17,Saturday,Yes,2026-27
20260426,2026-04-26,26,4,April,Q2,2026,17,Sunday,Yes,2026-27
20260427,2026-04-27,27,4,April,Q2,2026,18,Monday,No,2026-27
20260428,2026-04-28,28,4,April,Q2,2026,18,Tuesday,No,2026-27
20260429,2026-04-29,29,4,April,Q2,2026,18,Wednesday,No,2026-27
20260430,2026-04-30,30,4,April,Q2,2026,18,Thursday,No,2026-27
20260501,2026-05-01,1,5,May,Q2,2026,18,Friday,No,2026-27
20260502,2026-05-02,2,5,May,Q2,2026,18,Saturday,Yes,2026-27
20260503,2026-05-03,3,5,May,Q2,2026,18,Sunday,Yes,2026-27
20260504,2026-05-04,4,5,May,Q2,2026,19,Monday,No,2026-27
20260505,2026-05-05,5,5,May,Q2,2026,19,Tuesday,No,2026-27
20260506,2026-05-06,6,5,May,Q2,2026,19,Wednesday,No,2026-27
20260507,2026-05-07,7,5,May,Q2,2026,19,Thursday,No,2026-27
20260508,2026-05-08,8,5,May,Q2,2026,19,Friday,No,2026-27
20260509,2026-05-09,9,5,May,Q2,2026,19,Saturday,Yes,2026-27
20260510,2026-05-10,10,5,May,Q2,2026,19,Sunday,Yes,2026-27
20260511,2026-05-11,11,5,May,Q2,2026,20,Monday,No,2026-27
20260512,2026-05-12,12,5,May,Q2,2026,20,Tuesday,No,2026-27
20260513,2026-05-13,13,5,May,Q2,2026,20,Wednesday,No,2026-27
20260514,2026-05-14,14,5,May,Q2,2026,20,Thursday,No,2026-27
20260515,2026-05-15,15,5,May,Q2,2026,20,Friday,No,2026-27
20260516,2026-05-16,16,5,May,Q2,2026,20,Saturday,Yes,2026-27
20260517,2026-05-17,17,5,May,Q2,2026,20,Sunday,Yes,2026-27
20260518,2026-05-18,18,5,May,Q2,2026,21,Monday,No,2026-27
20260519,2026-05-19,19,5,May,Q2,2026,21,Tuesday,No,2026-27
20260520,2026-05-20,20,5,May,Q2,2026,21,Wednesday,No,2026-27
20260521,2026-05-21,21,5,May,Q2,2026,21,Thursday,No,2026-27
20260522,2026-05-22,22,5,May,Q2,2026,21,Friday,No,2026-27
20260523,2026-05-23,23,5,May,Q2,2026,21,Saturday,Yes,2026-27
20260524,2026-05-24,24,5,May,Q2,2026,21,Sunday,Yes,2026-27
20260525,2026-05-25,25,5,May,Q2,2026,22,Monday,No,2026-27
20260526,2026-05-26,26,5,May,Q2,2026,22,Tuesday,No,2026-27
20260527,2026-05-27,27,5,May,Q2,2026,22,Wednesday,No,2026-27
20260528,2026-05-28,28,5,May,Q2,2026,22,Thursday,No,2026-27
20260529,2026-05-29,29,5,May,Q2,2026,22,Friday,No,2026-27
20260530,2026-05-30,30,5,May,Q2,2026,22,Saturday,Yes,2026-27
20260531,2026-05-31,31,5,May,Q2,2026,22,Sunday,Yes,2026-27
20260601,2026-06-01,1,6,June,Q2,2026,23,Monday,No,2026-27
20260602,2026-06-02,2,6,June,Q2,2026,23,Tuesday,No,2026-27
20260603,2026-06-03,3,6,June,Q2,2026,23,Wednesday,No,2026-27
20260604,2026-06-04,4,6,June,Q2,2026,23,Thursday,No,2026-27
20260605,2026-06-05,5,6,June,Q2,2026,23,Friday,No,2026-27
20260606,2026-06-06,6,6,June,Q2,2026,23,Saturday,Yes,2026-27
20260607,2026-06-07,7,6,June,Q2,2026,23,Sunday,Yes,2026-27
20260608,2026-06-08,8,6,June,Q2,2026,24,Monday,No,2026-27
20260609,2026-06-09,9,6,June,Q2,2026,24,Tuesday,No,2026-27
20260610,2026-06-10,10,6,June,Q2,2026,24,Wednesday,No,2026-27
20260611,2026-06-11,11,6,June,Q2,2026,24,Thursday,No,2026-27
20260612,2026-06-12,12,6,June,Q2,2026,24,Friday,No,2026-27
20260613,2026-06-13,13,6,June,Q2,2026,24,Saturday,Yes,2026-27
20260614,2026-06-14,14,6,June,Q2,2026,24,Sunday,Yes,2026-27
20260615,2026-06-15,15,6,June,Q2,2026,25,Monday,No,2026-27
20260616,2026-06-16,16,6,June,Q2,2026,25,Tuesday,No,2026-27
20260617,2026-06-17,17,6,June,Q2,2026,25,Wednesday,No,2026-27
20260618,2026-06-18,18,6,June,Q2,2026,25,Thursday,No,2026-27
20260619,2026-06-19,19,6,June,Q2,2026,25,Friday,No,2026-27
20260620,2026-06-20,20,6,June,Q2,2026,25,Saturday,Yes,2026-27
20260621,2026-06-21,21,6,June,Q2,2026,25,Sunday,Yes,2026-27
20260622,2026-06-22,22,6,June,Q2,2026,26,Monday,No,2026-27
20260623,2026-06-23,23,6,June,Q2,2026,26,Tuesday,No,2026-27
20260624,2026-06-24,24,6,June,Q2,2026,26,Wednesday,No,2026-27
20260625,2026-06-25,25,6,June,Q2,2026,26,Thursday,No,2026-27
20260626,2026-06-26,26,6,June,Q2,2026,26,Friday,No,2026-27
20260627,2026-06-27,27,6,June,Q2,2026,26,Saturday,Yes,2026-27
20260628,2026-06-28,28,6,June,Q2,2026,26,Sunday,Yes,2026-27
20260629,2026-06-29,29,6,June,Q2,2026,27,Monday,No,2026-27
20260630,2026-06-30,30,6,June,Q2,2026,27,Tuesday,No,2026-27
20260701,2026-07-01,1,7,July,Q3,2026,27,Wednesday,No,2026-27
20260702,2026-07-02,2,7,July,Q3,2026,27,Thursday,No,2026-27
20260703,2026-07-03,3,7,July,Q3,2026,27,Friday,No,2026-27
20260704,2026-07-04,4,7,July,Q3,2026,27,Saturday,Yes,2026-27
20260705,2026-07-05,5,7,July,Q3,2026,27,Sunday,Yes,2026-27
20260706,2026-07-06,6,7,July,Q3,2026,28,Monday,No,2026-27
20260707,2026-07-07,7,7,July,Q3,2026,28,Tuesday,No,2026-27
20260708,2026-07-08,8,7,July,Q3,2026,28,Wednesday,No,2026-27
20260709,2026-07-09,9,7,July,Q3,2026,28,Thursday,No,2026-27
20260710,2026-07-10,10,7,July,Q3,2026,28,Friday,No,2026-27
20260711,2026-07-11,11,7,July,Q3,2026,28,Saturday,Yes,2026-27
20260712,2026-07-12,12,7,July,Q3,2026,28,Sunday,Yes,2026-27
20260713,2026-07-13,13,7,July,Q3,2026,29,Monday,No,2026-27
20260714,2026-07-14,14,7,July,Q3,2026,29,Tuesday,No,2026-27
20260715,2026-07-15,15,7,July,Q3,2026,29,Wednesday,No,2026-27
20260716,2026-07-16,16,7,July,Q3,2026,29,Thursday,No,2026-27
20260717,2026-07-17,17,7,July,Q3,2026,29,Friday,No,2026-27
20260718,2026-07-18,18,7,July,Q3,2026,29,Saturday,Yes,2026-27
20260719,2026-07-19,19,7,July,Q3,2026,29,Sunday,Yes,2026-27
20260720,2026-07-20,20,7,July,Q3,2026,30,Monday,No,2026-27
20260721,2026-07-21,21,7,July,Q3,2026,30,Tuesday,No,2026-27
20260722,2026-07-22,22,7,July,Q3,2026,30,Wednesday,No,2026-27
20260723,2026-07-23,23,7,July,Q3,2026,30,Thursday,No,2026-27
20260724,2026-07-24,24,7,July,Q3,2026,30,Friday,No,2026-27
20260725,2026-07-25,25,7,July,Q3,2026,30,Saturday,Yes,2026-27
20260726,2026-07-26,26,7,July,Q3,2026,30,Sunday,Yes,2026-27
20260727,2026-07-27,27,7,July,Q3,2026,31,Monday,No,2026-27
20260728,2026-07-28,28,7,July,Q3,2026,31,Tuesday,No,2026-27
20260729,2026-07-29,29,7,July,Q3,2026,31,Wednesday,No,2026-27
20260730,2026-07-30,30,7,July,Q3,2026,31,Thursday,No,2026-27
20260731,2026-07-31,31,7,July,Q3,2026,31,Friday,No,2026-27
20260801,2026-08-01,1,8,August,Q3,2026,31,Saturday,Yes,2026-27
20260802,2026-08-02,2,8,August,Q3,2026,31,Sunday,Yes,2026-27
20260803,2026-08-03,3,8,August,Q3,2026,32,Monday,No,2026-27
20260804,2026-08-04,4,8,August,Q3,2026,32,Tuesday,No,2026-27
20260805,2026-08-05,5,8,August,Q3,2026,32,Wednesday,No,2026-27
20260806,2026-08-06,6,8,August,Q3,2026,32,Thursday,No,2026-27
20260807,2026-08-07,7,8,August,Q3,2026,32,Friday,No,2026-27
20260808,2026-08-08,8,8,August,Q3,2026,32,Saturday,Yes,2026-27
20260809,2026-08-09,9,8,August,Q3,2026,32,Sunday,Yes,2026-27
20260810,2026-08-10,10,8,August,Q3,2026,33,Monday,No,2026-27
20260811,2026-08-11,11,8,August,Q3,2026,33,Tuesday,No,2026-27
20260812,2026-08-12,12,8,August,Q3,2026,33,Wednesday,No,2026-27
20260813,2026-08-13,13,8,August,Q3,2026,33,Thursday,No,2026-27
20260814,2026-08-14,14,8,August,Q3,2026,33,Friday,No,2026-27
20260815,2026-08-15,15,8,August,Q3,2026,33,Saturday,Yes,2026-27
20260816,2026-08-16,16,8,August,Q3,2026,33,Sunday,Yes,2026-27
20260817,2026-08-17,17,8,August,Q3,2026,34,Monday,No,2026-27
20260818,2026-08-18,18,8,August,Q3,2026,34,Tuesday,No,2026-27
20260819,2026-08-19,19,8,August,Q3,2026,34,Wednesday,No,2026-27
20260820,2026-08-20,20,8,August,Q3,2026,34,Thursday,No,2026-27
20260821,2026-08-21,21,8,August,Q3,2026,34,Friday,No,2026-27
20260822,2026-08-22,22,8,August,Q3,2026,34,Saturday,Yes,2026-27
20260823,2026-08-23,23,8,August,Q3,2026,34,Sunday,Yes,2026-27
20260824,2026-08-24,24,8,August,Q3,2026,35,Monday,No,2026-27
20260825,2026-08-25,25,8,August,Q3,2026,35,Tuesday,No,2026-27
20260826,2026-08-26,26,8,August,Q3,2026,35,Wednesday,No,2026-27
20260827,2026-08-27,27,8,August,Q3,2026,35,Thursday,No,2026-27
20260828,2026-08-28,28,8,August,Q3,2026,35,Friday,No,2026-27
20260829,2026-08-29,29,8,August,Q3,2026,35,Saturday,Yes,2026-27
20260830,2026-08-30,30,8,August,Q3,2026,35,Sunday,Yes,2026-27
20260831,2026-08-31,31,8,August,Q3,2026,36,Monday,No,2026-27
20260901,2026-09-01,1,9,September,Q3,2026,36,Tuesday,No,2026-27
20260902,2026-09-02,2,9,September,Q3,2026,36,Wednesday,No,2026-27
20260903,2026-09-03,3,9,September,Q3,2026,36,Thursday,No,2026-27
20260904,2026-09-04,4,9,September,Q3,2026,36,Friday,No,2026-27
20260905,2026-09-05,5,9,September,Q3,2026,36,Saturday,Yes,2026-27
20260906,2026-09-06,6,9,September,Q3,2026,36,Sunday,Yes,2026-27
20260907,2026-09-07,7,9,September,Q3,2026,37,Monday,No,2026-27
20260908,2026-09-08,8,9,September,Q3,2026,37,Tuesday,No,2026-27
20260909,2026-09-09,9,9,September,Q3,2026,37,Wednesday,No,2026-27
20260910,2026-09-10,10,9,September,Q3,2026,37,Thursday,No,2026-27
20260911,2026-09-11,11,9,September,Q3,2026,37,Friday,No,2026-27
20260912,2026-09-12,12,9,September,Q3,2026,37,Saturday,Yes,2026-27
20260913,2026-09-13,13,9,September,Q3,2026,37,Sunday,Yes,2026-27
20260914,2026-09-14,14,9,September,Q3,2026,38,Monday,No,2026-27
20260915,2026-09-15,15,9,September,Q3,2026,38,Tuesday,No,2026-27
20260916,2026-09-16,16,9,September,Q3,2026,38,Wednesday,No,2026-27
20260917,2026-09-17,17,9,September,Q3,2026,38,Thursday,No,2026-27
20260918,2026-09-18,18,9,September,Q3,2026,38,Friday,No,2026-27
20260919,2026-09-19,19,9,September,Q3,2026,38,Saturday,Yes,2026-27
20260920,2026-09-20,20,9,September,Q3,2026,38,Sunday,Yes,2026-27
20260921,2026-09-21,21,9,September,Q3,2026,39,Monday,No,2026-27
20260922,2026-09-22,22,9,September,Q3,2026,39,Tuesday,No,2026-27
20260923,2026-09-23,23,9,September,Q3,2026,39,Wednesday,No,2026-27
20260924,2026-09-24,24,9,September,Q3,2026,39,Thursday,No,2026-27
20260925,2026-09-25,25,9,September,Q3,2026,39,Friday,No,2026-27
20260926,2026-09-26,26,9,September,Q3,2026,39,Saturday,Yes,2026-27
20260927,2026-09-27,27,9,September,Q3,2026,39,Sunday,Yes,2026-27
20260928,2026-09-28,28,9,September,Q3,2026,40,Monday,No,2026-27
20260929,2026-09-29,29,9,September,Q3,2026,40,Tuesday,No,2026-27
20260930,2026-09-30,30,9,September,Q3,2026,40,Wednesday,No,2026-27
20261001,2026-10-01,1,10,October,Q4,2026,40,Thursday,No,2026-27
20261002,2026-10-02,2,10,October,Q4,2026,40,Friday,No,2026-27
20261003,2026-10-03,3,10,October,Q4,2026,40,Saturday,Yes,2026-27
20261004,2026-10-04,4,10,October,Q4,2026,40,Sunday,Yes,2026-27
20261005,2026-10-05,5,10,October,Q4,2026,41,Monday,No,2026-27
20261006,2026-10-06,6,10,October,Q4,2026,41,Tuesday,No,2026-27
20261007,2026-10-07,7,10,October,Q4,2026,41,Wednesday,No,2026-27
20261008,2026-10-08,8,10,October,Q4,2026,41,Thursday,No,2026-27
20261009,2026-10-09,9,10,October,Q4,2026,41,Friday,No,2026-27
20261010,2026-10-10,10,10,October,Q4,2026,41,Saturday,Yes,2026-27
20261011,2026-10-11,11,10,October,Q4,2026,41,Sunday,Yes,2026-27
20261012,2026-10-12,12,10,October,Q4,2026,42,Monday,No,2026-27
20261013,2026-10-13,13,10,October,Q4,2026,42,Tuesday,No,2026-27
20261014,2026-10-14,14,10,October,Q4,2026,42,Wednesday,No,2026-27
20261015,2026-10-15,15,10,October,Q4,2026,42,Thursday,No,2026-27
20261016,2026-10-16,16,10,October,Q4,2026,42,Friday,No,2026-27
20261017,2026-10-17,17,10,October,Q4,2026,42,Saturday,Yes,2026-27
20261018,2026-10-18,18,10,October,Q4,2026,42,Sunday,Yes,2026-27
20261019,2026-10-19,19,10,October,Q4,2026,43,Monday,No,2026-27
20261020,2026-10-20,20,10,October,Q4,2026,43,Tuesday,No,2026-27
20261021,2026-10-21,21,10,October,Q4,2026,43,Wednesday,No,2026-27
20261022,2026-10-22,22,10,October,Q4,2026,43,Thursday,No,2026-27
20261023,2026-10-23,23,10,October,Q4,2026,43,Friday,No,2026-27
20261024,2026-10-24,24,10,October,Q4,2026,43,Saturday,Yes,2026-27
20261025,2026-10-25,25,10,October,Q4,2026,43,Sunday,Yes,2026-27
20261026,2026-10-26,26,10,October,Q4,2026,44,Monday,No,2026-27
20261027,2026-10-27,27,10,October,Q4,2026,44,Tuesday,No,2026-27
20261028,2026-10-28,28,10,October,Q4,2026,44,Wednesday,No,2026-27
20261029,2026-10-29,29,10,October,Q4,2026,44,Thursday,No,2026-27
20261030,2026-10-30,30,10,October,Q4,2026,44,Friday,No,2026-27
20261031,2026-10-31,31,10,October,Q4,2026,44,Saturday,Yes,2026-27
20261101,2026-11-01,1,11,November,Q4,2026,44,Sunday,Yes,2026-27
20261102,2026-11-02,2,11,November,Q4,2026,45,Monday,No,2026-27
20261103,2026-11-03,3,11,November,Q4,2026,45,Tuesday,No,2026-27
20261104,2026-11-04,4,11,November,Q4,2026,45,Wednesday,No,2026-27
20261105,2026-11-05,5,11,November,Q4,2026,45,Thursday,No,2026-27
20261106,2026-11-06,6,11,November,Q4,2026,45,Friday,No,2026-27
20261107,2026-11-07,7,11,November,Q4,2026,45,Saturday,Yes,2026-27
20261108,2026-11-08,8,11,November,Q4,2026,45,Sunday,Yes,2026-27
20261109,2026-11-09,9,11,November,Q4,2026,46,Monday,No,2026-27
20261110,2026-11-10,10,11,November,Q4,2026,46,Tuesday,No,2026-27
20261111,2026-11-11,11,11,November,Q4,2026,46,Wednesday,No,2026-27
20261112,2026-11-12,12,11,November,Q4,2026,46,Thursday,No,2026-27
20261113,2026-11-13,13,11,November,Q4,2026,46,Friday,No,2026-27
20261114,2026-11-14,14,11,November,Q4,2026,46,Saturday,Yes,2026-27
20261115,2026-11-15,15,11,November,Q4,2026,46,Sunday,Yes,2026-27
20261116,2026-11-16,16,11,November,Q4,2026,47,Monday,No,2026-27
20261117,2026-11-17,17,11,November,Q4,2026,47,Tuesday,No,2026-27
20261118,2026-11-18,18,11,November,Q4,2026,47,Wednesday,No,2026-27
20261119,2026-11-19,19,11,November,Q4,2026,47,Thursday,No,2026-27
20261120,2026-11-20,20,11,November,Q4,2026,47,Friday,No,2026-27
20261121,2026-11-21,21,11,November,Q4,2026,47,Saturday,Yes,2026-27
20261122,2026-11-22,22,11,November,Q4,2026,47,Sunday,Yes,2026-27
20261123,2026-11-23,23,11,November,Q4,2026,48,Monday,No,2026-27
20261124,2026-11-24,24,11,November,Q4,2026,48,Tuesday,No,2026-27
20261125,2026-11-25,25,11,November,Q4,2026,48,Wednesday,No,2026-27
20261126,2026-11-26,26,11,November,Q4,2026,48,Thursday,No,2026-27
20261127,2026-11-27,27,11,November,Q4,2026,48,Friday,No,2026-27
20261128,2026-11-28,28,11,November,Q4,2026,48,Saturday,Yes,2026-27
20261129,2026-11-29,29,11,November,Q4,2026,48,Sunday,Yes,2026-27
20261130,2026-11-30,30,11,November,Q4,2026,49,Monday,No,2026-27
20261201,2026-12-01,1,12,December,Q4,2026,49,Tuesday,No,2026-27
20261202,2026-12-02,2,12,December,Q4,2026,49,Wednesday,No,2026-27
20261203,2026-12-03,3,12,December,Q4,2026,49,Thursday,No,2026-27
20261204,2026-12-04,4,12,December,Q4,2026,49,Friday,No,2026-27
20261205,2026-12-05,5,12,December,Q4,2026,49,Saturday,Yes,2026-27
20261206,2026-12-06,6,12,December,Q4,2026,49,Sunday,Yes,2026-27
20261207,2026-12-07,7,12,December,Q4,2026,50,Monday,No,2026-27
20261208,2026-12-08,8,12,December,Q4,2026,50,Tuesday,No,2026-27
20261209,2026-12-09,9,12,December,Q4,2026,50,Wednesday,No,2026-27
20261210,2026-12-10,10,12,December,Q4,2026,50,Thursday,No,2026-27
20261211,2026-12-11,11,12,December,Q4,2026,50,Friday,No,2026-27
20261212,2026-12-12,12,12,December,Q4,2026,50,Saturday,Yes,2026-27
20261213,2026-12-13,13,12,December,Q4,2026,50,Sunday,Yes,2026-27
20261214,2026-12-14,14,12,December,Q4,2026,51,Monday,No,2026-27
20261215,2026-12-15,15,12,December,Q4,2026,51,Tuesday,No,2026-27
20261216,2026-12-16,16,12,December,Q4,2026,51,Wednesday,No,2026-27
20261217,2026-12-17,17,12,December,Q4,2026,51,Thursday,No,2026-27
20261218,2026-12-18,18,12,December,Q4,2026,51,Friday,No,2026-27
20261219,2026-12-19,19,12,December,Q4,2026,51,Saturday,Yes,2026-27
20261220,2026-12-20,20,12,December,Q4,2026,51,Sunday,Yes,2026-27
20261221,2026-12-21,21,12,December,Q4,2026,52,Monday,No,2026-27
20261222,2026-12-22,22,12,December,Q4,2026,52,Tuesday,No,2026-27
20261223,2026-12-23,23,12,December,Q4,2026,52,Wednesday,No,2026-27
20261224,2026-12-24,24,12,December,Q4,2026,52,Thursday,No,2026-27
20261225,2026-12-25,25,12,December,Q4,2026,52,Friday,No,2026-27
20261226,2026-12-26,26,12,December,Q4,2026,52,Saturday,Yes,2026-27
20261227,2026-12-27,27,12,December,Q4,2026,52,Sunday,Yes,2026-27
20261228,2026-12-28,28,12,December,Q4,2026,53,Monday,No,2026-27
20261229,2026-12-29,29,12,December,Q4,2026,53,Tuesday,No,2026-27
20261230,2026-12-30,30,12,December,Q4,2026,53,Wednesday,No,2026-27
20261231,2026-12-31,31,12,December,Q4,2026,53,Thursday,No,2026-27
